,word,count
0,phone,13428
1,iphone,12631
2,ios,11168
3,11,10308
4,update,9697
5,fix,7179
6,new,5790
7,apple,5642
8,battery,5445
9,please,4239
10,since,3956
11,help,3845
12,get,3821
13,time,3170
14,app,3109
15,like,3100
16,updated,2980
17,still,2966
18,screen,2870
19,apps,2597
20,work,2478
21,every,2397
22,back,2336
23,even,2328
24,hey,2301
25,issue,2295
26,shit,2167
27,thanks,2155
28,working,2119
29,music,2084
30,problem,2041
31,need,1966
32,one,1962
33,going,1890
34,keeps,1845
35,use,1824
36,got,1723
37,10,1591
38,last,1570
39,really,1567
40,6s,1566
41,getting,1566
42,ever,1528
43,hi,1445
44,question,1439
45,cannot,1437
46,wifi,1397
47,life,1392
48,plus,1384
49,latest,1382
50,type,1357
51,slow,1352
52,tried,1349
53,letter,1340
54,day,1339
55,want,1331
56,times,1319
57,know,1316
58,make,1312
59,go,1308
60,issues,1301
61,using,1275
62,updates,1239
63,keep,1238
64,ipad,1234
65,freezing,1208
66,also,1198
67,store,1185
68,wtf,1178
69,ios11,1175
70,way,1167
71,turn,1165
72,see,1164
73,itunes,1142
74,would,1139
75,software,1133
76,am,1125
77,never,1118
78,bug,1116
79,watch,1097
80,trying,1089
81,already,1029
82,yes,1028
83,annoying,1007
84,nothing,969
85,fucking,961
86,updating,961
87,mark,959
88,hours,958
89,stop,947
90,old,946
91,open,943
92,macbook,933
93,glitch,920
94,icloud,917
95,text,915
96,keyboard,914
97,guys,910
98,anyone,899
99,without,889
100,photos,884
101,call,878
102,reset,867
103,charge,864
104,try,861
105,fixed,851
106,freezes,849
107,download,849
108,everything,848
109,anything,835
110,thing,834
111,dear,819
112,bluetooth,817
113,today,812
114,minutes,810
115,box,808
116,id,805
117,else,803
118,email,801
119,much,795
120,days,787
121,says,782
122,upgrade,781
123,let,778
124,thank,777
125,calls,773
126,right,756
127,problems,751
128,could,747
129,crashing,737
130,send,730
131,come,724
132,something,720
133,messages,719
134,done,718
135,support,717
136,have,715
137,restart,711
138,message,711
139,mac,708
140,happening,702
141,works,700
142,many,695
143,phones,684
144,together,677
145,settings,671
146,service,667
147,sierra,667
148,pro,666
149,fuck,666
150,account,662
151,able,661
152,randomly,654
153,change,639
154,ago,639
155,home,638
156,version,638
157,well,633
158,turning,629
159,high,627
160,used,626
161,running,622
162,buy,616
163,fine,616
164,think,615
165,wrong,612
166,two,606
167,notifications,605
168,seems,605
169,take,604
170,sucks,601
171,happens,596
172,button,595
173,first,594
174,turned,593
175,lock,587
176,touch,586
177,draining,585
178,error,582
179,good,581
180,happened,579
181,camera,576
182,damn,574
183,another,570
184,always,570
185,gone,568
186,started,566
187,worst,566
188,tell,565
189,stupid,564
190,pls,563
191,people,559
192,made,555
193,device,555
194,anymore,554
195,yet,547
196,making,541
197,play,539
198,password,533
199,weird,533
200,pay,531
201,control,530
202,os,529
203,went,527
204,fast,524
205,deleted,523
206,bought,521
207,bad,516
208,charging,516
209,someone,512
210,im,511
211,lost,508
212,longer,508
213,charger,506
214,is,503
215,show,502
216,constantly,501
217,mode,492
218,connect,491
219,seeing,480
220,hour,479
221,literally,478
222,downloaded,477
223,iphonex,477
224,tired,477
225,showing,476
226,week,475
227,bugs,474
228,stuck,471
229,restarting,465
230,find,464
231,ok,463
232,30,462
233,completely,462
234,hello,461
235,data,460
236,love,458
237,gonna,457
238,set,456
239,months,450
240,lot,445
241,us,444
242,next,440
243,order,440
244,goes,439
245,reason,437
246,hate,436
247,boxes,436
248,sometimes,435
249,android,435
250,night,435
251,yo,434
252,yesterday,434
253,cant,433
254,saying,431
255,hard,429
256,black,428
257,needs,427
258,customer,426
259,100,425
260,playing,425
261,hell,423
262,look,421
263,full,419
264,long,414
265,say,414
266,though,411
267,month,410
268,crashes,410
269,worked,410
270,sure,409
271,auto,409
272,soon,408
273,seriously,406
274,put,406
275,sound,404
276,drains,404
277,better,402
278,morning,402
279,card,401
280,iphones,401
281,asap,399
282,switch,396
283,half,396
284,computer,396
285,20,394
286,coming,394
287,imessage,393
288,year,393
289,upgraded,392
290,option,392
291,access,388
292,weeks,387
293,drain,387
294,stopped,386
295,terrible,385
296,shows,385
297,siri,385
298,marks,385
299,start,383
300,great,383
301,eye,374
302,restarted,373
303,came,372
304,number,372
305,comes,371
306,gets,370
307,worse,369
308,volume,368
309,typing,367
310,devices,367
311,makes,363
312,broken,362
313,left,361
314,date,358
315,video,357
316,instead,356
317,years,355
318,songs,355
319,power,355
320,storage,352
321,via,352
322,explain,352
323,delete,350
324,connected,349
325,seconds,349
326,sort,348
327,turns,347
328,recent,345
329,center,344
330,automatically,344
331,restore,343
332,mail,342
333,install,342
334,release,341
335,alarm,340
336,whole,340
337,check,340
338,freeze,340
339,contacts,340
340,twitter,339
341,actually,338
342,case,337
343,cause,337
344,notification,336
345,give,335
346,super,335
347,things,334
348,system,331
349,twice,329
350,installed,328
351,sent,326
352,bar,325
353,less,325
354,etc,323
355,library,322
356,almost,322
357,normal,322
358,either,321
359,backup,321
360,unable,320
361,add,319
362,available,316
363,videos,315
364,laptop,314
365,locked,313
366,properly,312
367,safari,310
368,pictures,310
369,5s,308
370,money,306
371,purchased,305
372,texts,299
373,autocorrect,296
374,crazy,296
375,photo,296
376,whenever,295
377,brand,294
378,happen,293
379,solution,293
380,ass,293
381,mine,291
382,useless,290
383,said,290
384,load,288
385,tv,287
386,charged,287
387,frustrating,287
388,different,287
389,changing,286
390,plz,285
391,air,285
392,crap,284
393,messed,283
394,away,283
395,changed,282
396,slower,282
397,random,280
398,looks,280
399,headphones,279
400,thought,279
401,glitches,279
402,multiple,278
403,fucked,277
404,15,276
405,beta,276
406,dies,276
407,takes,275
408,upgrading,274
409,sick,274
410,told,273
411,feature,273
412,idea,272
413,car,272
414,buggy,272
415,hear,270
416,correct,269
417,song,268
418,macos,266
419,se,266
420,second,266
421,possible,265
422,emails,264
423,mins,263
424,connection,263
425,horrible,263
426,suddenly,263
427,speaker,263
428,around,262
429,real,262
430,internet,262
431,network,262
432,ur,261
433,switching,261
434,click,261
435,acting,260
436,okay,260
437,care,259
438,stops,259
439,tweet,259
440,dying,259
441,past,257
442,point,257
443,purchase,256
444,receive,256
445,12,256
446,disappointed,256
447,contact,255
448,least,254
449,crash,254
450,address,254
451,ridiculous,253
452,close,251
453,free,250
454,everyone,250
455,later,250
456,glitching,249
457,brightness,249
458,wanna,246
459,podcast,246
460,little,245
461,received,244
462,seem,244
463,several,244
464,supposed,243
465,waiting,243
466,enough,242
467,newest,241
468,wait,239
469,took,239
470,bc,237
471,broke,236
472,awful,236
473,read,236
474,bullshit,235
475,it,235
476,live,233
477,taking,232
478,downloading,232
479,ideas,232
480,what,231
481,series,231
482,response,231
483,looking,230
484,stuff,229
485,glitchy,229
486,unlock,228
487,code,228
488,dropped,228
489,trash,227
490,shut,226
491,album,226
492,driving,225
493,run,224
494,sign,224
495,fixes,223
496,experience,221
497,top,221
498,replacement,219
499,sending,219
500,pretty,219
501,ruined,219
502,fixing,217
503,setting,216
504,faster,216
505,imac,216
506,unresponsive,216
507,loading,215
508,changes,214
509,oh,214
510,unusable,213
511,low,212
512,listen,212
513,user,212
514,sync,212
515,gives,211
516,dm,210
517,wont,210
518,hold,210
519,dont,210
520,reboot,209
521,log,209
522,products,209
523,hot,209
524,online,209
525,recently,209
526,everytime,208
527,facetime,208
528,asking,208
529,emojis,207
530,warranty,206
531,missing,206
532,due,206
533,currently,206
534,quick,205
535,lag,204
536,maybe,204
537,quickly,203
538,files,203
539,13,203
540,face,202
541,chat,201
542,save,201
543,audio,201
544,mess,200
545,space,200
546,lagging,200
547,absolutely,200
548,info,200
549,force,199
550,killing,199
551,minute,198
552,within,198
553,none,197
554,couple,197
555,frozen,196
556,appears,196
557,hope,196
558,plugged,196
559,person,195
560,lol,194
561,50,193
562,garbage,193
563,dead,193
564,fail,193
565,snapchat,193
566,word,193
567,search,192
568,product,191
569,installing,191
570,press,190
571,trouble,189
572,users,189
573,annoyed,189
574,previous,188
575,often,188
576,three,187
577,lose,187
578,figure,185
579,display,184
580,reply,184
581,icon,183
582,opening,183
583,paid,183
584,messing,183
585,spotify,182
586,tf,182
587,solve,181
588,page,181
589,might,181
590,noticed,181
591,died,180
592,symbol,180
593,cellular,180
594,mobile,179
595,thx,179
596,sooo,179
597,security,178
598,answer,176
599,notes,176
600,samsung,176
601,buying,175
602,maps,175
603,far,174
604,yeah,174
605,min,173
606,7plus,173
607,payment,172
608,you,172
609,poor,172
610,mad,172
611,nice,172
612,big,171
613,found,171
614,piece,171
615,may,170
616,shutting,169
617,suggestions,169
618,starts,168
619,happy,168
620,ones,167
621,whatsapp,166
622,feel,166
623,yall,166
624,facing,166
625,mean,165
626,starting,165
627,cool,163
628,barely,163
629,replaced,163
630,list,163
631,repair,162
632,logo,162
633,disabled,162
634,smh,161
635,podcasts,161
636,capital,161
637,appear,161
638,enter,160
639,crashed,160
640,single,159
641,disappeared,159
642,ipod,159
643,whatever,159
644,man,158
645,do,158
646,ya,157
647,perfectly,157
648,popping,157
649,screwed,157
650,link,156
651,replace,156
652,totally,156
653,pop,156
654,late,155
655,move,155
656,telling,155
657,become,155
658,remove,155
659,ask,155
660,understand,155
661,released,155
662,youtube,154
663,all,154
664,sim,154
665,losing,153
666,sudden,153
667,laggy,153
668,god,153
669,side,152
670,situation,152
671,non,152
672,google,151
673,forever,151
674,fully,151
675,others,151
676,dumb,151
677,plan,151
678,genius,150
679,anyway,150
680,login,150
681,gotta,149
682,pics,149
683,recovery,148
684,resetting,148
685,talk,148
686,downgrade,148
687,screenshot,147
688,plug,147
689,re,147
690,allow,146
691,restarts,146
692,called,146
693,shuts,146
694,airpods,146
695,end,146
696,location,146
697,checked,146
698,website,145
699,credit,145
700,unless,145
701,emoji,145
702,clock,144
703,03,144
704,frustrated,144
705,entire,144
706,buttons,144
707,gb,143
708,taken,143
709,activate,143
710,quality,142
711,drop,142
712,drive,142
713,deleting,142
714,white,141
715,swipe,141
716,wish,141
717,guess,141
718,company,140
719,health,140
720,blank,140
721,current,140
722,best,140
723,name,140
724,40,140
725,steps,139
726,wanted,139
727,giving,139
728,must,139
729,experiencing,138
730,performance,138
731,symbols,138
732,complete,137
733,lags,137
734,return,137
735,facebook,137
736,words,136
737,suck,136
738,24,135
739,background,135
740,rid,135
741,listening,135
742,voice,134
743,joke,134
744,pre,134
745,picture,133
746,media,133
747,extremely,133
748,receiving,132
749,sorry,131
750,game,130
751,known,130
752,hit,130
753,usb,129
754,major,129
755,asked,129
756,windows,128
757,uk,128
758,fi,127
759,fact,127
760,wow,127
761,causing,127
762,wife,127
763,roll,127
764,wi,126
765,deal,126
766,failed,126
767,seen,126
768,that,125
769,numbers,125
770,stay,125
771,doesnt,125
772,job,125
773,pissed,125
774,die,125
775,centre,124
776,connecting,124
777,idk,124
778,activation,123
779,advise,123
780,instagram,123
781,wants,123
782,rebooting,122
783,restored,122
784,immediately,122
785,calendar,122
786,resolve,122
787,ive,122
788,function,122
789,however,122
790,friends,122
791,finally,122
792,place,122
793,shitty,122
794,team,121
795,information,121
796,subscription,121
797,correctly,120
798,family,120
799,kind,120
800,write,120
801,customers,120
802,matter,119
803,refund,119
804,cancel,119
805,answers,119
806,highsierra,118
807,usage,118
808,bit,117
809,older,117
810,appreciate,117
811,basically,117
812,mini,117
813,3rd,116
814,middle,116
815,factory,116
816,dropping,116
817,respond,116
818,certain,116
819,post,116
820,bottom,115
821,part,115
822,believe,114
823,added,114
824,2017,114
825,sounds,114
826,verification,113
827,af,113
828,ugh,113
829,friend,113
830,expect,113
831,alarms,112
832,line,112
833,leave,112
834,cable,111
835,wondering,111
836,paying,111
837,wake,111
838,hrs,111
839,program,111
840,bring,110
841,appointment,110
842,india,110
843,pops,108
844,process,108
845,runs,108
846,calling,108
847,default,108
848,cut,108
849,recording,108
850,serious,108
851,spent,107
852,removed,107
853,iphone7,107
854,constant,107
855,texting,106
856,to,106
857,drops,105
858,hangs,105
859,ios11update,105
860,sleep,105
861,lasts,105
862,wth,105
863,spinning,105
864,server,104
865,till,104
866,watchos,104
867,the,103
868,4k,103
869,advice,103
870,manually,102
871,throw,102
872,cc,102
873,there,102
874,whats,102
875,mbp,102
876,decided,101
877,imessages,101
878,scam,101
879,share,101
880,mind,101
881,ready,101
882,pick,100
883,swear,100
884,model,100
885,autocorrecting,100
886,quite,99
887,letters,99
888,passcode,99
889,apparently,99
890,froze,99
891,disaster,99
892,fuckin,99
893,third,99
894,tweets,99
895,break,98
896,closed,98
897,resolved,98
898,news,98
899,2nd,98
900,except,98
901,clear,98
902,hanging,98
903,cash,98
904,test,97
905,report,97
906,provide,97
907,daily,97
908,key,97
909,closing,97
910,select,96
911,gave,96
912,playlists,96
913,thinking,96
914,activity,96
915,carrier,96
916,usually,95
917,disable,95
918,letting,95
919,impossible,95
920,machine,95
921,menu,95
922,voicemail,95
923,silent,94
924,killed,94
925,nope,94
926,view,94
927,gps,94
928,per,94
929,pc,93
930,tomorrow,93
931,honestly,93
932,pause,93
933,noise,93
934,percentage,93
935,characters,93
936,lots,93
937,freaking,93
938,02,93
939,tips,93
940,will,93
941,loop,93
942,verify,93
943,playlist,92
944,anybody,92
945,cloud,92
946,original,92
947,file,92
948,ordered,91
949,record,91
950,forced,91
951,saved,91
952,hardware,91
953,straight,91
954,omg,91
955,actual,90
956,especially,90
957,pissing,90
958,bs,90
959,site,90
960,heck,90
961,important,90
962,responding,90
963,inside,90
964,tap,89
965,60,89
966,moment,89
967,business,89
968,light,89
969,folder,89
970,plays,89
971,1st,89
972,tech,89
973,huge,88
974,caused,88
975,moving,88
976,earlier,88
977,window,88
978,logged,88
979,boot,88
980,self,87
981,social,87
982,99,87
983,lte,87
984,group,87
985,signal,87
986,screens,87
987,details,87
988,rather,87
989,luck,86
990,anytime,86
991,talking,86
992,probably,86
993,70,86
994,pair,86
995,1000,85
996,destroyed,85
997,switched,85
998,transfer,85
999,questions,85
1000,including,85
1001,icons,85
1002,house,84
1003,disappear,84
1004,absolute,84
1005,world,84
1006,extra,84
1007,remember,84
1008,quit,84
1009,lately,84
1010,ring,84
1011,definitely,84
1012,pages,84
1013,stays,84
1014,hand,83
1015,signed,83
1016,despite,83
1017,nowhere,83
1018,chance,83
1019,slowed,82
1020,sad,82
1021,funny,82
1022,exclamation,82
1023,feels,82
1024,90,82
1025,recover,82
1026,clearly,82
1027,sms,82
1028,resets,82
1029,green,82
1030,opened,82
1031,restoring,82
1032,upset,81
1033,tells,81
1034,status,81
1035,beyond,80
1036,double,80
1037,sense,80
1038,nightmare,80
1039,continue,80
1040,watching,80
1041,anywhere,80
1042,landscape,80
1043,hang,79
1044,weather,79
1045,followed,79
1046,book,79
1047,bro,79
1048,iphone6,79
1049,ruining,79
1050,cuz,79
1051,refresh,79
1052,cracked,79
1053,options,79
1054,step,79
1055,45,78
1056,adapter,78
1057,kept,78
1058,woke,78
1059,act,78
1060,backed,78
1061,needed,78
1062,tho,78
1063,solved,78
1064,amount,78
1065,expensive,78
1066,patch,78
1067,brick,78
1068,miss,77
1069,unlocked,77
1070,exactly,77
1071,edit,77
1072,kindly,77
1073,gift,77
1074,recognize,77
1075,speed,77
1076,smart,76
1077,public,76
1078,considering,76
1079,25,76
1080,note,76
1081,fixit,76
1082,airplane,76
1083,awesome,76
1084,somehow,76
1085,disappearing,76
1086,spend,75
1087,they,75
1088,drained,75
1089,calculator,75
1090,ios1103,75
1091,reservation,75
1092,helpful,75
1093,wireless,75
1094,000,74
1095,total,74
1096,80,74
1097,in,74
1098,setup,74
1099,accidentally,74
1100,create,74
1101,operating,74
1102,legit,74
1103,unacceptable,74
1104,keys,73
1105,speak,73
1106,given,73
1107,insane,73
1108,fan,73
1109,syncing,73
1110,sharing,73
1111,purchases,73
1112,forgot,73
1113,everyday,73
1114,normally,73
1115,image,73
1116,rate,73
1117,clean,73
1118,services,73
1119,enabled,72
1120,applewatch,72
1121,fails,72
1122,portrait,72
1123,searching,72
1124,revert,72
1125,accounts,72
1126,typed,72
1127,worth,72
1128,chargers,72
1129,shortcut,72
1130,headphone,72
1131,iphone8,71
1132,sorted,71
1133,friday,71
1134,loyal,71
1135,14,71
1136,kinda,71
1137,confused,71
1138,launch,71
1139,appstore,71
1140,request,71
1141,general,71
1142,example,71
1143,appearing,70
1144,17,70
1145,fault,70
1146,fake,70
1147,earphones,70
1148,blue,70
1149,gen,70
1150,mid,70
1151,application,70
1152,safe,70
1153,speakers,70
1154,charges,70
1155,perfect,69
1156,screenshots,69
1157,locking,69
1158,onto,69
1159,water,69
1160,english,69
1161,push,69
1162,fire,69
1163,choose,69
1164,everywhere,69
1165,strange,68
1166,iphone6s,68
1167,red,68
1168,supported,68
1169,heard,68
1170,reading,68
1171,five,68
1172,cost,68
1173,bruh,68
1174,delivery,68
1175,stores,67
1176,specific,67
1177,continues,67
1178,replacing,67
1179,fed,67
1180,feedback,67
1181,alright,67
1182,adding,67
1183,web,67
1184,are,67
1185,pull,67
1186,upload,67
1187,corner,66
1188,remote,66
1189,slowly,66
1190,party,66
1191,content,66
1192,attached,66
1193,by,66
1194,macbookpro,66
1195,nonsense,66
1196,neither,66
1197,nearly,65
1198,loads,65
1199,bt,65
1200,thru,65
1201,faulty,65
1202,accept,65
1203,bunch,65
1204,16,65
1205,means,65
1206,frequently,65
1207,looked,65
1208,errors,65
1209,heating,65
1210,across,65
1211,billing,65
1212,percent,65
1213,alone,64
1214,applecare,64
1215,following,64
1216,putting,64
1217,stream,64
1218,airdrop,64
1219,near,64
1220,unfortunately,64
1221,desktop,64
1222,regarding,64
1223,widget,64
1224,regret,64
1225,gotten,64
1226,copy,63
1227,hung,63
1228,albums,63
1229,networks,63
1230,confirm,63
1231,shocking,63
1232,disconnecting,63
1233,memory,63
1234,ear,63
1235,cell,62
1236,autocorrects,62
1237,front,62
1238,lightning,62
1239,rebooted,62
1240,overnight,62
1241,notice,62
1242,history,62
1243,simply,62
1244,helping,62
1245,wall,62
1246,loud,62
1247,fb,62
1248,2015,62
1249,responsive,62
1250,personal,62
1251,sos,62
1252,regular,62
1253,square,61
1254,flash,61
1255,sitting,61
1256,scroll,61
1257,features,61
1258,track,61
1259,controls,61
1260,didnt,61
1261,irritating,61
1262,bricked,60
1263,factor,60
1264,true,60
1265,beats,60
1266,disturb,60
1267,forcing,60
1268,created,60
1269,short,60
1270,movies,60
1271,8p,60
1272,applesupport,60
1273,missed,60
1274,expected,59
1275,price,59
1276,delivered,59
1277,versions,59
1278,rn,59
1279,6plus,59
1280,3d,59
1281,games,59
1282,wheel,58
1283,unavailable,58
1284,bout,58
1285,simple,58
1286,incorrect,58
1287,bank,58
1288,applications,58
1289,correcting,58
1290,difficult,58
1291,locks,58
1292,yep,58
1293,iphone7plus,58
1294,ringtone,58
1295,pic,58
1296,alert,57
1297,imovie,57
1298,um,57
1299,glad,57
1300,alerts,57
1301,images,57
1302,tripping,57
1303,failing,57
1304,external,57
1305,instructions,57
1306,dude,56
1307,compatible,56
1308,played,56
1309,main,56
1310,mistake,56
1311,experienced,56
1312,refuses,56
1313,stand,56
1314,predictive,56
1315,slowing,56
1316,glass,56
1317,exact,56
1318,holding,56
1319,2016,56
1320,passwords,56
1321,character,56
1322,18,56
1323,method,56
1324,quicker,56
1325,course,56
1326,zero,56
1327,aware,56
1328,steve,55
1329,solutions,55
1330,lus,55
1331,port,55
1332,downloads,55
1333,ability,55
1334,closes,55
1335,movie,55
1336,excuse,55
1337,saving,55
1338,covered,55
1339,progress,55
1340,shipping,55
1341,occurred,55
1342,odd,55
1343,opens,55
1344,official,55
1345,aye,55
1346,enable,55
1347,circle,55
1348,blocked,55
1349,disappears,54
1350,boxed,54
1351,student,54
1352,asks,54
1353,hoping,54
1354,prior,54
1355,disconnects,54
1356,hurry,54
1357,disconnect,54
1358,tonight,54
1359,block,54
1360,four,54
1361,local,54
1362,pain,54
1363,names,54
1364,damage,54
1365,radio,53
1366,becomes,53
1367,decides,53
1368,reboots,53
1369,clicking,53
1370,over,53
1371,dark,53
1372,appeared,53
1373,finish,53
1374,usual,53
1375,batteries,53
1376,connectivity,53
1377,switches,53
1378,article,52
1379,hotspot,52
1380,suppose,52
1381,delayed,52
1382,appletv,52
1383,repaired,52
1384,assist,52
1385,school,52
1386,functions,52
1387,offer,52
1388,up,52
1389,netflix,52
1390,rude,52
1391,afford,52
1392,kill,52
1393,appreciated,52
1394,hardly,52
1395,incredibly,52
1396,chrome,52
1397,sincerely,51
1398,common,51
1399,repeatedly,51
1400,easy,51
1401,slide,51
1402,delay,51
1403,finger,51
1404,writing,51
1405,nuts,51
1406,cards,51
1407,ppl,51
1408,jobs,51
1409,figured,51
1410,dock,51
1411,helps,51
1412,preorder,51
1413,shot,51
1414,meant,51
1415,mom,51
1416,lines,51
1417,messenger,51
1418,ui,51
1419,guy,50
1420,mostly,50
1421,msg,50
1422,installation,50
1423,incoming,50
1424,lower,50
1425,helped,50
1426,00,50
1427,wonder,50
1428,stolen,50
1429,crackling,50
1430,active,50
1431,difference,50
1432,workout,50
1433,automatic,50
1434,apart,50
1435,sell,49
1436,member,49
1437,somebody,49
1438,angry,49
1439,bitch,49
1440,ran,49
1441,nov,49
1442,early,49
1443,synced,49
1444,overall,49
1445,iphone8plus,49
1446,forward,49
1447,sec,49
1448,4th,49
1449,failure,49
1450,skip,49
1451,browser,49
1452,breaking,49
1453,country,49
1454,messaging,49
1455,touchscreen,49
1456,although,49
1457,similar,48
1458,ringtones,48
1459,ugly,48
1460,appleid,48
1461,pressing,48
1462,finder,48
1463,mouse,48
1464,tone,48
1465,fam,48
1466,complaint,48
1467,managed,48
1468,nobody,48
1469,cold,48
1470,saw,48
1471,follow,48
1472,scrolling,48
1473,ringer,48
1474,connects,48
1475,hacked,48
1476,handle,48
1477,grey,48
1478,cover,48
1479,whilst,48
1480,adjust,47
1481,fingerprint,47
1482,27,47
1483,cancelled,47
1484,wallet,47
1485,ship,47
1486,shame,47
1487,authentication,47
1488,nah,47
1489,wasted,47
1490,bloody,47
1491,models,47
1492,pm,47
1493,thoughts,47
1494,wiped,47
1495,types,47
1496,directly,47
1497,ups,47
1498,warning,47
1499,__email__,47
1500,4g,47
1501,why,47
1502,reinstall,47
1503,design,46
1504,november,46
1505,whyyy,46
1506,walk,46
1507,reported,46
1508,7s,46
1509,feeling,46
1510,behind,46
1511,functioning,46
1512,becoming,46
1513,became,46
1514,streaming,46
1515,activated,46
1516,rest,46
1517,fyi,46
1518,uses,46
1519,galaxy,46
1520,declined,46
1521,gmail,46
1522,fun,46
1523,cutting,46
1524,spam,46
1525,disconnected,46
1526,son,46
1527,persists,46
1528,previously,45
1529,on,45
1530,pauses,45
1531,unlocking,45
1532,erased,45
1533,hopefully,45
1534,soft,45
1535,cheers,45
1536,reinstalled,45
1537,ios111,45
1538,brought,45
1539,purpose,45
1540,attempt,45
1541,empty,45
1542,join,45
1543,related,45
1544,airplay,44
1545,showed,44
1546,erase,44
1547,suggestion,44
1548,tries,44
1549,blurry,44
1550,suggested,44
1551,knew,44
1552,trust,44
1553,tryna,44
1554,knows,44
1555,cuts,44
1556,undo,44
1557,exchange,44
1558,final,44
1559,snap,44
1560,command,44
1561,appt,44
1562,this,44
1563,pathetic,43
1564,ages,43
1565,accessory,43
1566,loses,43
1567,iwatch,43
1568,cord,43
1569,resolution,43
1570,items,43
1571,unhappy,43
1572,small,43
1573,outside,43
1574,input,43
1575,rings,43
1576,rep,43
1577,toggle,43
1578,ffs,43
1579,hella,43
1580,touching,43
1581,01,43
1582,disappointing,43
1583,along,43
1584,improve,43
1585,bed,42
1586,piss,42
1587,result,42
1588,girl,42
1589,carplay,42
1590,troubleshooting,42
1591,releases,42
1592,thinks,42
1593,800,42
1594,checking,42
1595,mon,42
1596,defective,42
1597,level,42
1598,panel,42
1599,tab,42
1600,easily,42
1601,kidding,42
1602,forget,42
1603,unplugged,42
1604,upon,41
1605,waste,41
1606,biggest,41
1607,font,41
1608,ten,41
1609,phishing,41
1610,verizon,41
1611,sends,41
1612,amazing,41
1613,umm,41
1614,hd,41
1615,otherwise,41
1616,size,41
1617,disk,41
1618,tweeting,40
1619,signing,40
1620,coincidence,40
1621,logic,40
1622,pocket,40
1623,numerous,40
1624,damaged,40
1625,continuously,40
1626,ibooks,40
1627,retina,40
1628,monday,40
1629,releasing,40
1630,yea,40
1631,heart,40
1632,iso,40
1633,root,40
1634,weekend,40
1635,staff,40
1636,ends,40
1637,isnt,40
1638,lasted,40
1639,prob,40
1640,pass,40
1641,junk,40
1642,slows,40
1643,sluggish,40
1644,35,39
1645,massive,39
1646,bugging,39
1647,sales,39
1648,occurs,39
1649,waited,39
1650,faceid,39
1651,loose,39
1652,confirmation,39
1653,standard,39
1654,possibly,39
1655,uh,39
1656,max,39
1657,assistance,39
1658,mention,39
1659,tracks,39
1660,permanently,39
1661,daughter,39
1662,episodes,38
1663,prompt,38
1664,basic,38
1665,review,38
1666,ima,38
1667,batt,38
1668,sir,38
1669,obviously,38
1670,hr,38
1671,listed,38
1672,2013,38
1673,virus,38
1674,pixel,38
1675,23,38
1676,rubbish,38
1677,replying,38
1678,19,38
1679,finding,38
1680,wassup,38
1681,advance,38
1682,un,38
1683,rapidly,38
1684,pandora,38
1685,office,38
1686,evening,38
1687,posts,38
1688,mf,37
1689,required,37
1690,nerves,37
1691,stopping,37
1692,ummm,37
1693,ios1102,37
1694,not,37
1695,ended,37
1696,documents,37
1697,inbox,37
1698,future,37
1699,mute,37
1700,ruin,37
1701,language,37
1702,swiping,37
1703,thats,37
1704,skipping,37
1705,selected,37
1706,contacted,37
1707,usa,37
1708,links,37
1709,period,37
1710,death,37
1711,spotlight,37
1712,causes,37
1713,functionality,37
1714,secs,37
1715,wallpaper,37
1716,remains,37
1717,static,37
1718,til,37
1719,exist,37
1720,bars,36
1721,lmao,36
1722,hands,36
1723,ft,36
1724,servers,36
1725,temporarily,36
1726,ringing,36
1727,we,36
1728,moved,36
1729,dollars,36
1730,rotate,36
1731,pin,36
1732,action,36
1733,particular,36
1734,pos,36
1735,holy,36
1736,clue,36
1737,offline,36
1738,player,36
1739,overheating,36
1740,requires,36
1741,explanation,36
1742,reduced,36
1743,dial,35
1744,repeat,35
1745,shutdown,35
1746,wit,35
1747,vibrate,35
1748,stock,35
1749,directions,35
1750,bill,35
1751,displaying,35
1752,sister,35
1753,developer,35
1754,band,35
1755,attempting,35
1756,6splus,35
1757,rendered,35
1758,sideways,35
1759,suggest,35
1760,inch,35
1761,planning,35
1762,focus,35
1763,split,35
1764,screw,35
1765,cables,35
1766,impressed,34
1767,consistently,34
1768,preordered,34
1769,lasting,34
1770,displays,34
1771,proper,34
1772,based,34
1773,permission,34
1774,trick,34
1775,plans,34
1776,thread,34
1777,episode,34
1778,monitor,34
1779,unstable,34
1780,microphone,34
1781,avail,34
1782,reasons,34
1783,yooo,34
1784,tested,34
1785,alphabet,34
1786,import,34
1787,my,34
1788,uninstall,34
1789,cmon,34
1790,section,34
1791,officially,34
1792,smooth,34
1793,shift,34
1794,decide,34
1795,preview,34
1796,visual,34
1797,sunday,34
1798,avoid,34
1799,playback,34
1800,highly,33
1801,eyes,33
1802,reminders,33
1803,malfunctioning,33
1804,22,33
1805,results,33
1806,48,33
1807,hide,33
1808,print,33
1809,nothappy,33
1810,beginning,33
1811,map,33
1812,six,33
1813,keychain,33
1814,tim,33
1815,flight,33
1816,badge,33
1817,trippin,33
1818,complaining,33
1819,shits,33
1820,provided,33
1821,schedule,33
1822,struggling,33
1823,dollar,33
1824,worried,33
1825,earpods,33
1826,completed,33
1827,senior,33
1828,remaining,33
1829,burning,33
1830,sucking,33
1831,reach,33
1832,receipt,33
1833,transferred,33
1834,afternoon,33
1835,attempts,32
1836,3x,32
1837,spell,32
1838,screwing,32
1839,specifically,32
1840,profile,32
1841,clicked,32
1842,item,32
1843,ram,32
1844,folders,32
1845,room,32
1846,favorite,32
1847,75,32
1848,imma,32
1849,mentioned,32
1850,200,32
1851,diagnostic,32
1852,macoshighsierra,32
1853,2012,32
1854,crappy,32
1855,shipped,32
1856,count,32
1857,reputation,32
1858,watched,32
1859,ty,32
1860,connections,32
1861,horrendous,32
1862,128gb,32
1863,fell,32
1864,realize,32
1865,64gb,32
1866,breaks,32
1867,iphoneproblems,31
1868,trade,31
1869,tapping,31
1870,monthly,31
1871,loss,31
1872,crack,31
1873,plenty,31
1874,fresh,31
1875,32,31
1876,direct,31
1877,event,31
1878,truly,31
1879,mails,31
1880,board,31
1881,troubles,31
1882,spoke,31
1883,exit,31
1884,prevent,31
1885,require,31
1886,ways,31
1887,challenge,31
1888,serial,31
1889,cd,31
1890,instantly,31
1891,logging,31
1892,area,31
1893,touchid,31
1894,complain,31
1895,rear,31
1896,applemusic,31
1897,row,31
1898,corrected,31
1899,corrects,31
1900,unknown,31
1901,slick,31
1902,flip,31
1903,kills,31
1904,individual,30
1905,cleared,30
1906,head,30
1907,burn,30
1908,functional,30
1909,zoom,30
1910,infuriating,30
1911,batterydrain,30
1912,catch,30
1913,badly,30
1914,greyed,30
1915,tones,30
1916,xcode,30
1917,wyd,30
1918,2011,30
1919,testing,30
1920,goddamn,30
1921,invalid,30
1922,sold,30
1923,osx,30
1924,verifying,30
1925,el,30
1926,eventually,30
1927,65,30
1928,pdf,30
1929,flashlight,30
1930,needing,30
1931,urgent,30
1932,lack,30
1933,jack,30
1934,finished,30
1935,useful,30
1936,wipe,30
1937,lowercase,30
1938,applefail,30
1939,places,30
1940,provider,30
1941,outlook,29
1942,talked,29
1943,state,29
1944,various,29
1945,again,29
1946,paste,29
1947,swift,29
1948,valid,29
1949,brother,29
1950,pad,29
1951,computers,29
1952,leaving,29
1953,recognise,29
1954,native,29
1955,requested,29
1956,consider,29
1957,paired,29
1958,voicemails,29
1959,21,29
1960,stable,29
1961,earth,29
1962,thnx,29
1963,technology,29
1964,match,29
1965,hdmi,29
1966,drainage,29
1967,achievement,29
1968,according,29
1969,pausing,29
1970,form,29
1971,iphoneupdate,29
1972,occasionally,29
1973,reinstalling,29
1974,creating,29
1975,dis,29
1976,protector,29
1977,entering,29
1978,reverse,29
1979,shall,29
1980,assistive,29
1981,messes,29
1982,retrieve,28
1983,busy,28
1984,batter,28
1985,selling,28
1986,goin,28
1987,stored,28
1988,linked,28
1989,generation,28
1990,significantly,28
1991,popped,28
1992,conversation,28
1993,manager,28
1994,aint,28
1995,reconnect,28
1996,effect,28
1997,timer,28
1998,airport,28
1999,emergency,28
2000,register,28
2001,separate,28
2002,allowed,28
2003,improvement,28
2004,yahoo,28
2005,whether,28
2006,shortcuts,28
2007,standby,28
2008,books,28
2009,dealing,28
2010,b4,28
2011,outta,28
2012,spending,28
2013,ipads,28
2014,miles,28
2015,jump,28
2016,havent,28
2017,tons,28
2018,mic,28
2019,keyboards,28
2020,assume,28
2021,unreliable,28
2022,forgotten,28
2023,terribly,28
2024,pressed,28
2025,upgrades,28
2026,and,28
2027,yup,27
2028,placed,27
2029,uppercase,27
2030,hanged,27
2031,contract,27
2032,owner,27
2033,everybody,27
2034,touched,27
2035,regularly,27
2036,affected,27
2037,continually,27
2038,700,27
2039,rotation,27
2040,manual,27
2041,subscribe,27
2042,magically,27
2043,orientation,27
2044,5k,27
2045,returned,27
2046,somewhere,27
2047,paperweight,27
2048,hating,27
2049,speaking,27
2050,recognition,27
2051,newer,27
2052,practically,27
2053,shown,27
2054,oct,27
2055,manage,27
2056,5th,27
2057,sprint,27
2058,debit,27
2059,ish,27
2060,stayed,27
2061,replaces,27
2062,trip,27
2063,mall,26
2064,huh,26
2065,subscribed,26
2066,returning,26
2067,64,26
2068,magic,26
2069,october,26
2070,college,26
2071,color,26
2072,existing,26
2073,build,26
2074,temp,26
2075,halp,26
2076,hundreds,26
2077,shite,26
2078,midnight,26
2079,caller,26
2080,indicator,26
2081,beeping,26
2082,points,26
2083,sentences,26
2084,squares,26
2085,recharge,26
2086,rip,26
2087,embarrassing,26
2088,apply,26
2089,concerned,26
2090,backups,26
2091,airpod,26
2092,seemed,26
2093,eating,26
2094,yrs,26
2095,addresses,26
2096,droid,26
2097,memories,26
2098,forums,26
2099,bright,26
2100,technical,26
2101,scratch,26
2102,1k,26
2103,destroying,26
2104,waking,26
2105,gon,26
2106,hidden,26
2107,pickup,26
2108,tweaking,26
2109,recall,26
2110,wearing,26
2111,class,26
2112,behavior,26
2113,95,25
2114,soo,25
2115,events,25
2116,curious,25
2117,weak,25
2118,mines,25
2119,trial,25
2120,trackpad,25
2121,ahead,25
2122,locations,25
2123,taylor,25
2124,earbuds,25
2125,included,25
2126,sentence,25
2127,sometime,25
2128,asleep,25
2129,wrecked,25
2130,diagnostics,25
2131,visible,25
2132,sit,25
2133,programme,25
2134,folks,25
2135,sleeping,25
2136,loved,25
2137,acts,25
2138,regards,25
2139,reliable,25
2140,shocked,25
2141,2x,25
2142,displayed,25
2143,ee,25
2144,fit,25
2145,pushed,25
2146,lucky,25
2147,280,25
2148,36,24
2149,keeping,24
2150,unread,24
2151,26,24
2152,hearing,24
2153,intermittent,24
2154,jacked,24
2155,interesting,24
2156,28,24
2157,wanting,24
2158,msgs,24
2159,tracking,24
2160,management,24
2161,trusted,24
2162,i7,24
2163,idiot,24
2164,besides,24
2165,advisor,24
2166,acceptable,24
2167,ill,24
2168,agent,24
2169,imagine,24
2170,5c,24
2171,passed,24
2172,lockscreen,24
2173,2014,24
2174,very,24
2175,att,24
2176,disabling,24
2177,grrr,24
2178,expecting,24
2179,genuine,24
2180,shared,24
2181,scared,24
2182,spoken,24
2183,format,24
2184,custom,24
2185,sake,24
2186,shop,24
2187,dangerous,24
2188,entirely,24
2189,condition,24
2190,conversations,24
2191,dammit,24
2192,shuffle,24
2193,burned,24
2194,dad,24
2195,reporting,24
2196,speakerphone,24
2197,guessing,24
2198,mo,23
2199,reopen,23
2200,obsolescence,23
2201,jesus,23
2202,alot,23
2203,china,23
2204,december,23
2205,obsolete,23
2206,paypal,23
2207,cheap,23
2208,rotating,23
2209,christmas,23
2210,afraid,23
2211,unplug,23
2212,more,23
2213,loving,23
2214,reminder,23
2215,pairing,23
2216,cry,23
2217,slightly,23
2218,thanksgiving,23
2219,horizontal,23
2220,ipadpro,23
2221,jumping,23
2222,whatsoever,23
2223,yr,23
2224,feed,23
2225,value,23
2226,gold,23
2227,confusing,23
2228,98,23
2229,entered,23
2230,911,23
2231,ignore,23
2232,drag,23
2233,thousands,23
2234,began,23
2235,july,23
2236,reads,23
2237,macs,23
2238,cos,23
2239,deletes,23
2240,browsing,23
2241,inconvenient,23
2242,microsoft,23
2243,recommend,23
2244,upper,23
2245,warm,23
2246,staying,23
2247,router,22
2248,refuse,22
2249,doubt,22
2250,chats,22
2251,3g,22
2252,256gb,22
2253,garageband,22
2254,counting,22
2255,realized,22
2256,activating,22
2257,agree,22
2258,gallery,22
2259,decision,22
2260,paper,22
2261,vertical,22
2262,asf,22
2263,flashing,22
2264,artwork,22
2265,arrive,22
2266,probs,22
2267,complaints,22
2268,firstworldproblems,22
2269,unexpectedly,22
2270,firmware,22
2271,systems,22
2272,present,22
2273,wasting,22
2274,ux,22
2275,essentially,22
2276,keypad,22
2277,websites,22
2278,compared,22
2279,dec,22
2280,assuming,22
2281,mix,22
2282,allowing,22
2283,outgoing,22
2284,attention,22
2285,codes,22
2286,purchasing,22
2287,clunky,22
2288,55,22
2289,friendly,22
2290,ios1112,22
2291,baby,22
2292,animation,22
2293,snooze,22
2294,fucks,22
2295,body,22
2296,timeline,22
2297,troubleshoot,22
2298,heated,22
2299,exploded,22
2300,built,22
2301,bye,22
2302,ton,22
2303,honest,22
2304,backing,21
2305,os11,21
2306,com,21
2307,reached,21
2308,installer,21
2309,comment,21
2310,expired,21
2311,ah,21
2312,malfunction,21
2313,pending,21
2314,recorded,21
2315,hitting,21
2316,reserved,21
2317,transferring,21
2318,keynote,21
2319,spins,21
2320,booting,21
2321,accident,21
2322,falling,21
2323,disgusting,21
2324,saturday,21
2325,logs,21
2326,16gb,21
2327,city,21
2328,remind,21
2329,planned,21
2330,obvious,21
2331,quiet,21
2332,homekit,21
2333,ughhh,21
2334,thanx,21
2335,blocking,21
2336,typo,21
2337,win,21
2338,33,21
2339,include,21
2340,eats,21
2341,perhaps,21
2342,hmm,21
2343,caught,21
2344,decreased,21
2345,fall,21
2346,pile,21
2347,touchbar,21
2348,prefer,21
2349,fight,21
2350,apples,21
2351,applepay,21
2352,reports,21
2353,adjusting,21
2354,refer,21
2355,answering,21
2356,disappointment,21
2357,throughout,21
2358,appalling,21
2359,preparing,21
2360,selecting,21
2361,special,21
2362,limit,21
2363,swap,21
2364,regardless,21
2365,accessories,21
2366,listened,21
2367,accessing,21
2368,iii,21
2369,desk,21
2370,field,21
2371,noticing,21
2372,posted,21
2373,headache,21
2374,boy,21
2375,loosing,21
2376,abt,20
2377,mr,20
2378,vibration,20
2379,tip,20
2380,skips,20
2381,virtually,20
2382,consistent,20
2383,international,20
2384,anyways,20
2385,chose,20
2386,bull,20
2387,49,20
2388,dumbass,20
2389,defect,20
2390,french,20
2391,ears,20
2392,sh,20
2393,addressed,20
2394,privacy,20
2395,wen,20
2396,delays,20
2397,handset,20
2398,acct,20
2399,6th,20
2400,pencil,20
2401,appointments,20
2402,dang,20
2403,ongoing,20
2404,allows,20
2405,androids,20
2406,ps,20
2407,appleupdate,20
2408,600,20
2409,editing,20
2410,confirmed,20
2411,layout,20
2412,processing,20
2413,cracks,20
2414,physical,20
2415,mother,20
2416,startup,20
2417,employee,20
2418,accessibility,20
2419,ie,20
2420,sucked,20
2421,bigger,20
2422,exercise,20
2423,spelling,20
2424,workouts,20
2425,faced,20
2426,region,20
2427,theres,20
2428,generally,20
2429,package,20
2430,stuttering,20
2431,deserve,20
2432,capitalized,20
2433,blowing,20
2434,document,20
2435,extreme,20
2436,worthless,20
2437,walking,20
2438,ghost,20
2439,gifs,20
2440,no,20
2441,cases,20
2442,capitan,20
2443,newly,20
2444,vm,20
2445,lets,19
2446,june,19
2447,referring,19
2448,pw,19
2449,easier,19
2450,replacements,19
2451,begin,19
2452,success,19
2453,million,19
2454,owned,19
2455,september,19
2456,flaw,19
2457,jumps,19
2458,spazzing,19
2459,restrictions,19
2460,pronoun,19
2461,dislike,19
2462,supporting,19
2463,silly,19
2464,fr,19
2465,nokia,19
2466,removing,19
2467,hieroglyphics,19
2468,hmmm,19
2469,promised,19
2470,august,19
2471,registered,19
2472,purposely,19
2473,living,19
2474,secure,19
2475,iphonese,19
2476,drastically,19
2477,ios11problems,19
2478,150,19
2479,pushing,19
2480,launched,19
2481,filled,19
2482,balance,19
2483,repairs,19
2484,returns,19
2485,rarely,19
2486,duplicate,19
2487,hack,19
2488,suffering,19
2489,reappear,19
2490,encrypted,19
2491,intermittently,19
2492,tweeted,19
2493,fuming,19
2494,sweet,19
2495,large,19
2496,solid,19
2497,basis,19
2498,lil,19
2499,parts,19
2500,flashes,19
2501,deliver,19
2502,uninstalled,19
2503,existent,19
2504,husband,19
2505,wired,19
2506,browse,19
2507,reaching,19
2508,urgently,19
2509,dim,19
2510,train,19
2511,answered,19
2512,lighting,19
2513,export,18
2514,film,18
2515,loaded,18
2516,ignored,18
2517,buggiest,18
2518,contacting,18
2519,harder,18
2520,preserve,18
2521,exists,18
2522,heats,18
2523,scheduled,18
2524,300,18
2525,shattered,18
2526,kinds,18
2527,watches,18
2528,haptic,18
2529,stick,18
2530,sigh,18
2531,imei,18
2532,behaviour,18
2533,discovered,18
2534,applesucks,18
2535,artist,18
2536,txt,18
2537,employees,18
2538,articles,18
2539,project,18
2540,arrived,18
2541,thousand,18
2542,ordering,18
2543,tbh,18
2544,irritated,18
2545,noises,18
2546,fill,18
2547,frm,18
2548,42,18
2549,vs,18
2550,52,18
2551,50gb,18
2552,ing,18
2553,aux,18
2554,blocks,18
2555,clicks,18
2556,ios11sucks,18
2557,addition,18
2558,500,18
2559,haha,18
2560,moves,18
2561,canada,18
2562,remain,18
2563,4s,18
2564,invoice,18
2565,felt,18
2566,raise,18
2567,da,18
2568,round,18
2569,internal,18
2570,circles,18
2571,navigation,18
2572,interface,18
2573,spanish,18
2574,demand,18
2575,qa,18
2576,autocorrected,18
2577,dictation,18
2578,leather,18
2579,treat,18
2580,recognizing,18
2581,wasnt,18
2582,billed,18
2583,story,18
2584,membership,18
2585,unbelievable,18
2586,occurring,18
2587,faces,18
2588,powerbeats,18
2589,station,18
2590,source,18
2591,thingy,18
2592,visit,18
2593,terms,18
2594,halfway,18
2595,owe,18
2596,pure,18
2597,insurance,18
2598,dog,18
2599,patience,18
2600,waze,17
2601,coz,17
2602,ig,17
2603,animations,17
2604,position,17
2605,noon,17
2606,tooth,17
2607,enjoy,17
2608,mb,17
2609,lights,17
2610,detect,17
2611,dirty,17
2612,blame,17
2613,throwing,17
2614,brazil,17
2615,shoutout,17
2616,applebug,17
2617,canceled,17
2618,turkey,17
2619,hdr,17
2620,developers,17
2621,zone,17
2622,refusing,17
2623,fingers,17
2624,redownload,17
2625,hv,17
2626,picking,17
2627,applestore,17
2628,possessed,17
2629,43,17
2630,minimal,17
2631,plugging,17
2632,australia,17
2633,sadly,17
2634,client,17
2635,sites,17
2636,thursday,17
2637,frequent,17
2638,edge,17
2639,fraud,17
2640,inconvenience,17
2641,31,17
2642,5x,17
2643,session,17
2644,forum,17
2645,atleast,17
2646,heavy,17
2647,37,17
2648,sporadically,17
2649,scan,17
2650,strong,17
2651,guide,17
2652,mysteriously,17
2653,timing,17
2654,lovely,17
2655,orders,17
2656,christ,17
2657,wonderful,17
2658,dictionary,17
2659,groups,17
2660,cook,17
2661,quitting,17
2662,unit,17
2663,dl,17
2664,defaults,17
2665,workaround,17
2666,recognized,17
2667,disgrace,17
2668,knowing,17
2669,bother,17
2670,mi,17
2671,art,17
2672,arrow,17
2673,fixthis,17
2674,amazon,17
2675,argh,17
2676,explicit,17
2677,ending,17
2678,url,17
2679,arabic,17
2680,concern,17
2681,endless,17
2682,900,17
2683,sorts,17
2684,glitched,17
2685,85,17
2686,programs,17
2687,accurate,17
2688,recommendations,17
2689,of,17
2690,recommended,17
2691,travel,17
2692,dms,17
2693,1200,17
2694,jus,17
2695,uploading,17
2696,limited,16
2697,verified,16
2698,corrupted,16
2699,vibrates,16
2700,affecting,16
2701,stress,16
2702,mainly,16
2703,fcpx,16
2704,eta,16
2705,fantastic,16
2706,studio,16
2707,age,16
2708,severe,16
2709,cycle,16
2710,thrice,16
2711,29,16
2712,capitalizing,16
2713,nike,16
2714,carry,16
2715,girlfriend,16
2716,ridiculously,16
2717,smoke,16
2718,recognised,16
2719,drives,16
2720,uhhh,16
2721,slowness,16
2722,shots,16
2723,ssd,16
2724,choice,16
2725,thankyou,16
2726,dragging,16
2727,hurt,16
2728,claim,16
2729,docs,16
2730,headset,16
2731,hates,16
2732,reps,16
2733,sorting,16
2734,helppp,16
2735,translate,16
2736,digital,16
2737,renders,16
2738,disgusted,16
2739,diff,16
2740,holiday,16
2741,horribly,16
2742,wrist,16
2743,os4,16
2744,graphics,16
2745,multitasking,16
2746,slowest,16
2747,8am,16
2748,filter,16
2749,kids,16
2750,mexico,16
2751,webpage,16
2752,professional,16
2753,permanent,16
2754,joy,16
2755,promise,16
2756,minuets,16
2757,emailed,16
2758,where,16
2759,proof,16
2760,applewatchseries3,16
2761,tabs,16
2762,daughters,16
2763,picked,16
2764,considered,16
2765,eligible,16
2766,preferences,16
2767,56,16
2768,aswell,16
2769,colors,16
2770,temperature,16
2771,comments,16
2772,utter,16
2773,submitted,15
2774,shorter,15
2775,span,15
2776,10th,15
2777,periodically,15
2778,occur,15
2779,direction,15
2780,physically,15
2781,ota,15
2782,phn,15
2783,engineers,15
2784,strength,15
2785,ad,15
2786,doin,15
2787,skin,15
2788,ex,15
2789,struggle,15
2790,muting,15
2791,shock,15
2792,400,15
2793,department,15
2794,spot,15
2795,whoever,15
2796,needa,15
2797,39,15
2798,overlapping,15
2799,nights,15
2800,welcome,15
2801,89,15
2802,worry,15
2803,wiping,15
2804,cute,15
2805,downgraded,15
2806,replied,15
2807,tuesday,15
2808,pleasehelp,15
2809,usable,15
2810,queue,15
2811,convenient,15
2812,gettin,15
2813,bedtime,15
2814,improved,15
2815,complicated,15
2816,poorly,15
2817,iosupdate,15
2818,searched,15
2819,recorder,15
2820,pointless,15
2821,reviews,15
2822,goal,15
2823,ignoring,15
2824,reduce,15
2825,ip7,15
2826,automated,15
2827,kid,15
2828,locate,15
2829,surely,15
2830,suspicious,15
2831,lying,15
2832,road,15
2833,understanding,15
2834,royally,15
2835,username,15
2836,range,15
2837,frustration,15
2838,laptops,15
2839,ayo,15
2840,premium,15
2841,apparent,15
2842,utterly,15
2843,landline,15
2844,increased,15
2845,th,15
2846,vanished,15
2847,ios10,15
2848,approved,15
2849,classic,15
2850,consumption,15
2851,average,15
2852,puts,15
2853,tunes,15
2854,subscriptions,15
2855,countries,15
2856,vol,15
2857,thus,15
2858,sat,15
2859,attempted,15
2860,task,15
2861,treated,15
2862,tasks,15
2863,higher,15
2864,bugged,15
2865,trashed,15
2866,iv,15
2867,reserve,15
2868,brings,15
2869,heat,15
2870,bringing,15
2871,communication,15
2872,tool,15
2873,successfully,15
2874,ball,15
2875,ticket,15
2876,responsible,15
2877,tia,15
2878,aggravating,15
2879,burnt,15
2880,fair,15
2881,regretting,15
2882,costs,15
2883,freak,15
2884,responds,15
2885,flickering,15
2886,auth,14
2887,backwards,14
2888,colour,14
2889,5gb,14
2890,slept,14
2891,elsewhere,14
2892,reader,14
2893,unlocks,14
2894,quits,14
2895,ed,14
2896,iphoto,14
2897,attach,14
2898,62,14
2899,decent,14
2900,awake,14
2901,moms,14
2902,effects,14
2903,eg,14
2904,authorized,14
2905,34,14
2906,funky,14
2907,refurbished,14
2908,so,14
2909,human,14
2910,retarded,14
2911,blinking,14
2912,written,14
2913,blow,14
2914,nyc,14
2915,solves,14
2916,rely,14
2917,tricks,14
2918,bold,14
2919,buggin,14
2920,yay,14
2921,operate,14
2922,hiya,14
2923,hits,14
2924,15b202,14
2925,128,14
2926,buffering,14
2927,hence,14
2928,brands,14
2929,output,14
2930,24hrs,14
2931,rt,14
2932,notcool,14
2933,navigate,14
2934,infinite,14
2935,therefore,14
2936,gear,14
2937,dropbox,14
2938,incredible,14
2939,geniuses,14
2940,receipts,14
2941,wonky,14
2942,receiver,14
2943,rock,14
2944,smartphone,14
2945,smc,14
2946,mirror,14
2947,32gb,14
2948,risk,14
2949,reception,14
2950,designed,14
2951,capture,14
2952,reconnecting,14
2953,billion,14
2954,prompts,14
2955,temporary,14
2956,lemon,14
2957,stories,14
2958,sub,14
2959,flat,14
2960,plannedobsolescence,14
2961,kicking,14
2962,april,14
2963,core,14
2964,stinks,14
2965,enjoying,14
2966,approval,14
2967,applied,14
2968,lastest,14
2969,vids,14
2970,pods,14
2971,watchos4,14
2972,covers,14
2973,mario,14
2974,cursor,14
2975,dam,14
2976,vibrating,14
2977,absurd,14
2978,mate,14
2979,surprised,14
2980,v11,14
2981,popup,14
2982,shortly,14
2983,likely,14
2984,consumer,14
2985,assistant,14
2986,submit,14
2987,sticky,14
2988,accepted,14
2989,additional,14
2990,minor,14
2991,lunch,14
2992,vpn,14
2993,79,14
2994,adds,14
2995,flipping,14
2996,affect,14
2997,extension,14
2998,weight,14
2999,experiences,14
3000,pl,13
3001,bet,13
3002,cust,13
3003,lmk,13
3004,ii,13
3005,speech,13
3006,marked,13
3007,bent,13
3008,here,13
3009,caps,13
3010,immediate,13
3011,threads,13
3012,discount,13
3013,pink,13
3014,express,13
3015,net,13
3016,macbookair,13
3017,overpriced,13
3018,wack,13
3019,pleaseee,13
3020,09,13
3021,bose,13
3022,careful,13
3023,sensitivity,13
3024,toggled,13
3025,cars,13
3026,customerservice,13
3027,gigs,13
3028,advised,13
3029,ploy,13
3030,adaptor,13
3031,extended,13
3032,nt,13
3033,hs,13
3034,retail,13
3035,dfu,13
3036,gray,13
3037,dnd,13
3038,excited,13
3039,suffer,13
3040,crop,13
3041,sue,13
3042,london,13
3043,horrific,13
3044,blows,13
3045,lookin,13
3046,solving,13
3047,rendering,13
3048,certainly,13
3049,located,13
3050,thunderbolt,13
3051,yellow,13
3052,vowel,13
3053,alarming,13
3054,noticeable,13
3055,googled,13
3056,thumb,13
3057,al,13
3058,booked,13
3059,subscriber,13
3060,plain,13
3061,notified,13
3062,15a432,13
3063,advisors,13
3064,calories,13
3065,dot,13
3066,scream,13
3067,incompatible,13
3068,chinese,13
3069,patches,13
3070,compatibility,13
3071,ashamed,13
3072,killer,13
3073,54,13
3074,unnecessary,13
3075,query,13
3076,season,13
3077,fitbit,13
3078,sticking,13
3079,uae,13
3080,private,13
3081,wire,13
3082,fired,13
3083,partner,13
3084,interested,13
3085,unhelpful,13
3086,flickers,13
3087,fraudulent,13
3088,de,13
3089,significant,13
3090,pronto,13
3091,japan,13
3092,pdfs,13
3093,prompted,13
3094,silence,13
3095,associated,13
3096,stations,13
3097,forth,13
3098,states,13
3099,whose,13
3100,fourth,13
3101,assholes,13
3102,stating,13
3103,purple,13
3104,stereo,13
3105,moments,13
3106,46,13
3107,clearing,13
3108,animoji,13
3109,nearest,13
3110,consent,13
3111,44,13
3112,connector,13
3113,chill,13
3114,insert,13
3115,applenews,13
3116,members,13
3117,entry,13
3118,springboard,13
3119,considerably,13
3120,balls,13
3121,41,13
3122,child,13
3123,launching,13
3124,pace,13
3125,initially,13
3126,wid,12
3127,overheats,12
3128,sis,12
3129,route,12
3130,painful,12
3131,operation,12
3132,tapped,12
3133,uhm,12
3134,satisfied,12
3135,uploaded,12
3136,opposite,12
3137,pulled,12
3138,projects,12
3139,sensor,12
3140,telephone,12
3141,supposedly,12
3142,posting,12
3143,wakes,12
3144,shout,12
3145,rolling,12
3146,reproduce,12
3147,ver,12
3148,prompting,12
3149,tmobile,12
3150,table,12
3151,supports,12
3152,subsequent,12
3153,reachability,12
3154,refused,12
3155,react,12
3156,sooner,12
3157,particularly,12
3158,rapid,12
3159,panic,12
3160,priority,12
3161,snail,12
3162,stage,12
3163,retry,12
3164,texted,12
3165,redeem,12
3166,smoothly,12
3167,rectify,12
3168,problematic,12
3169,seamless,12
3170,pairs,12
3171,tvos,12
3172,unpaired,12
3173,relationship,12
3174,serviced,12
3175,productivity,12
3176,visited,12
3177,stutters,12
3178,screws,12
3179,pretending,12
3180,viewing,12
3181,respect,12
3182,trigger,12
3183,la,12
3184,gym,12
3185,beautiful,12
3186,lives,12
3187,gunna,12
3188,deliberately,12
3189,63,12
3190,guest,12
3191,cords,12
3192,nd,12
3193,millions,12
3194,guarantee,12
3195,dramatically,12
3196,lists,12
3197,denied,12
3198,hair,12
3199,liking,12
3200,convinced,12
3201,greatly,12
3202,59,12
3203,downgrading,12
3204,continuous,12
3205,dunno,12
3206,nigga,12
3207,53,12
3208,investigate,12
3209,blacked,12
3210,europe,12
3211,correction,12
3212,consuming,12
3213,indeed,12
3214,moderate,12
3215,mms,12
3216,improvements,12
3217,mm,12
3218,inability,12
3219,88,12
3220,deadass,12
3221,cycles,12
3222,motion,12
3223,attack,12
3224,loyalty,12
3225,hassle,12
3226,mystery,12
3227,individually,12
3228,atrocious,12
3229,initial,12
3230,crawl,12
3231,cracking,12
3232,dreadful,12
3233,countless,12
3234,artists,12
3235,counter,12
3236,72,12
3237,ep,12
3238,homescreen,12
3239,beside,12
3240,consumers,12
3241,discover,12
3242,256,12
3243,collect,12
3244,german,12
3245,booted,12
3246,apfs,12
3247,dev,12
3248,2000,12
3249,forces,12
3250,discuss,12
3251,clips,12
3252,cleaning,12
3253,getittogether,12
3254,cleaned,12
3255,furious,12
3256,brutal,12
3257,offered,12
3258,frame,12
3259,offering,12
3260,husbands,12
3261,can,12
3262,freakin,12
3263,cameras,12
3264,learn,12
3265,mailbox,12
3266,finna,12
3267,notify,12
3268,methods,12
3269,47,12
3270,length,12
3271,grammar,12
3272,dodgy,12
3273,ip,12
3274,configure,12
3275,appleproblems,12
3276,iphone5s,12
3277,false,12
3278,boost,12
3279,gif,12
3280,companies,12
3281,ireland,12
3282,distance,12
3283,devs,11
3284,market,11
3285,alll,11
3286,majority,11
3287,atv,11
3288,memos,11
3289,upcoming,11
3290,aps,11
3291,photoshop,11
3292,approx,11
3293,maximum,11
3294,specially,11
3295,approve,11
3296,dialog,11
3297,attachment,11
3298,deciding,11
3299,mane,11
3300,spontaneously,11
3301,marketing,11
3302,destroy,11
3303,impact,11
3304,development,11
3305,stability,11
3306,omfg,11
3307,unsure,11
3308,traffic,11
3309,quicktime,11
3310,powers,11
3311,iosbug,11
3312,triggered,11
3313,iphoneglitch,11
3314,iphonexlaunch,11
3315,bootcamp,11
3316,communicate,11
3317,s8,11
3318,bothered,11
3319,survive,11
3320,towards,11
3321,term,11
3322,tough,11
3323,bricking,11
3324,clarify,11
3325,building,11
3326,title,11
3327,chip,11
3328,cds,11
3329,blacking,11
3330,liked,11
3331,madness,11
3332,cpu,11
3333,dawg,11
3334,sticks,11
3335,recognising,11
3336,darn,11
3337,recieve,11
3338,strap,11
3339,crying,11
3340,indian,11
3341,study,11
3342,insta,11
3343,likes,11
3344,uhh,11
3345,instance,11
3346,instant,11
3347,procedure,11
3348,typically,11
3349,lit,11
3350,typical,11
3351,beep,11
3352,suggests,11
3353,south,11
3354,soul,11
3355,halved,11
3356,86,11
3357,research,11
3358,global,11
3359,signs,11
3360,requests,11
3361,fee,11
3362,giant,11
3363,singular,11
3364,84,11
3365,roaming,11
3366,earpiece,11
3367,xx,11
3368,haywire,11
3369,geniusbar,11
3370,4x,11
3371,wear,11
3372,generic,11
3373,durable,11
3374,scammers,11
3375,1hr,11
3376,held,11
3377,mum,11
3378,sensitive,11
3379,whack,11
3380,sides,11
3381,51,11
3382,notch,11
3383,severely,11
3384,57,11
3385,shake,11
3386,wild,11
3387,fairly,11
3388,shambles,11
3389,faith,11
3390,owning,11
3391,gosh,11
3392,necessary,11
3393,5pm,11
3394,wks,11
3395,shoot,11
3396,paint,11
3397,6am,11
3398,energy,11
3399,74,11
3400,repairing,11
3401,skipped,11
3402,mistakes,11
3403,smashed,11
3404,dramatic,11
3405,smoking,11
3406,10x,11
3407,offers,11
3408,acc,11
3409,metal,11
3410,disturbing,11
3411,ads,11
3412,oi,11
3413,reliably,11
3414,advertised,11
3415,10am,11
3416,disease,11
3417,voiceover,11
3418,sons,11
3419,sony,11
3420,phantom,11
3421,visiting,11
3422,rejected,11
3423,smfh,11
3424,performing,11
3425,accepting,11
3426,peoples,11
3427,miserable,11
3428,140,11
3429,saudi,11
3430,peace,11
3431,rs,11
3432,off,11
3433,saver,11
3434,scanner,10
3435,configuration,10
3436,forwarding,10
3437,scratched,10
3438,java,10
3439,facial,10
3440,facetiming,10
3441,cam,10
3442,conspiracy,10
3443,clients,10
3444,grave,10
3445,clues,10
3446,canadian,10
3447,kicks,10
3448,collection,10
3449,compromised,10
3450,sd,10
3451,selection,10
3452,favorites,10
3453,complained,10
3454,pros,10
3455,claims,10
3456,juice,10
3457,sale,10
3458,tag,10
3459,fml,10
3460,capitalize,10
3461,separately,10
3462,iphone6plus,10
3463,coding,10
3464,goofy,10
3465,kicked,10
3466,grayed,10
3467,hue,10
3468,cont,10
3469,def,10
3470,imported,10
3471,repeating,10
3472,deactivated,10
3473,slider,10
3474,ducking,10
3475,driver,10
3476,decrease,10
3477,illiterate,10
3478,recovered,10
3479,deep,10
3480,smash,10
3481,standing,10
3482,defeats,10
3483,earned,10
3484,st,10
3485,redirects,10
3486,dozen,10
3487,spinner,10
3488,remedy,10
3489,doc,10
3490,relief,10
3491,destroys,10
3492,ideal,10
3493,refunded,10
3494,developed,10
3495,disc,10
3496,heads,10
3497,replies,10
3498,seven,10
3499,sounding,10
3500,swapped,10
3501,sw,10
3502,contents,10
3503,raging,10
3504,conveniently,10
3505,explode,10
3506,suing,10
3507,explaining,10
3508,expires,10
3509,excellent,10
3510,responsiveness,10
3511,responses,10
3512,couldnt,10
3513,hav,10
3514,handy,10
3515,happend,10
3516,realise,10
3517,realised,10
3518,signature,10
3519,requiring,10
3520,efficient,10
3521,cs,10
3522,representative,10
3523,increasing,10
3524,incompetent,10
3525,damnit,10
3526,tight,10
3527,coating,10
3528,altogether,10
3529,upsetting,10
3530,abnormal,10
3531,mirroring,10
3532,accessed,10
3533,met,10
3534,afterwards,10
3535,personally,10
3536,aka,10
3537,vid,10
3538,america,10
3539,medical,10
3540,useable,10
3541,pisses,10
3542,arabia,10
3543,arm,10
3544,arrives,10
3545,__credit_card__,10
3546,aside,10
3547,award,10
3548,awhile,10
3549,uni,10
3550,bands,10
3551,policy,10
3552,beat,10
3553,begins,10
3554,benefit,10
3555,possibility,10
3556,lie,10
3557,truck,10
3558,powering,10
3559,blew,10
3560,aapl,10
3561,9am,10
3562,legitimate,10
3563,owners,10
3564,15b150,10
3565,15b93,10
3566,2008,10
3567,occasion,10
3568,obnoxious,10
3569,ny,10
3570,2fa,10
3571,now,10
3572,notimpressed,10
3573,notifying,10
3574,4gb,10
3575,4pm,10
3576,nooo,10
3577,nevermind,10
3578,widespread,10
3579,molasses,10
3580,negative,10
3581,wide,10
3582,nearby,10
3583,whys,10
3584,66,10
3585,67,10
3586,named,10
3587,68,10
3588,muted,10
3589,when,10
3590,partition,10
3591,78,10
3592,multi,10
3593,87,10
3594,traveling,10
3595,fried,10
3596,leads,10
3597,legal,10
3598,tiny,10
3599,preventing,10
3600,transit,10
3601,toilet,10
3602,briefly,10
3603,lame,10
3604,tl,10
3605,lagged,10
3606,boom,10
3607,transaction,10
3608,bypass,10
3609,burns,10
3610,persistent,9
3611,aftr,9
3612,sortitout,9
3613,hotspots,9
3614,visa,9
3615,wirelessly,9
3616,hook,9
3617,cancelling,9
3618,agreed,9
3619,ph,9
3620,cap,9
3621,persist,9
3622,tooo,9
3623,horrid,9
3624,concerns,9
3625,hopes,9
3626,4000,9
3627,disgraceful,9
3628,reliability,9
3629,reload,9
3630,resume,9
3631,hub,9
3632,fallen,9
3633,boys,9
3634,2hrs,9
3635,presses,9
3636,pixelated,9
3637,degrees,9
3638,fetch,9
3639,lead,9
3640,cmd,9
3641,idle,9
3642,idiots,9
3643,reducing,9
3644,description,9
3645,desperate,9
3646,reflect,9
3647,applemaps,9
3648,hulu,9
3649,kick,9
3650,speeds,9
3651,throws,9
3652,antenna,9
3653,terminal,9
3654,fancy,9
3655,announced,9
3656,38,9
3657,dialogue,9
3658,spaces,9
3659,meter,9
3660,notif,9
3661,nonstop,9
3662,iphone6splus,9
3663,exposed,9
3664,capacity,9
3665,earphone,9
3666,january,9
3667,monitors,9
3668,nano,9
3669,japanese,9
3670,eat,9
3671,wednesday,9
3672,83,9
3673,82,9
3674,81,9
3675,chatted,9
3676,hashtag,9
3677,est,9
3678,silicone,9
3679,escalate,9
3680,haptics,9
3681,em,9
3682,choosing,9
3683,enables,9
3684,epic,9
3685,mumbai,9
3686,77,9
3687,parents,9
3688,engineering,9
3689,handling,9
3690,8s,9
3691,he,9
3692,cellphone,9
3693,misleading,9
3694,snapped,9
3695,arrange,9
3696,widgets,9
3697,perform,9
3698,holds,9
3699,remotely,9
3700,capitalization,9
3701,achievements,9
3702,accidental,9
3703,drawer,9
3704,capitalizes,9
3705,shipment,9
3706,duplicates,9
3707,renew,9
3708,drunk,9
3709,dubai,9
3710,shitting,9
3711,hiding,9
3712,tinder,9
3713,slight,9
3714,payments,9
3715,dump,9
3716,toggling,9
3717,navigating,9
3718,dots,9
3719,sport,9
3720,issued,9
3721,stressing,9
3722,gain,9
3723,portable,9
3724,begging,9
3725,yal,9
3726,copied,9
3727,literal,9
3728,saves,9
3729,garage,9
3730,costumer,9
3731,wtfff,9
3732,installs,9
3733,rottenapple,9
3734,bat,9
3735,successful,9
3736,gee,9
3737,2007,9
3738,foolishness,9
3739,crapped,9
3740,looping,9
3741,unbelievably,9
3742,creepy,9
3743,stutter,9
3744,ca,9
3745,struck,9
3746,crossing,9
3747,interference,9
3748,supervisor,9
3749,rant,9
3750,france,9
3751,blurred,9
3752,syncs,9
3753,rule,9
3754,congrats,9
3755,blink,9
3756,swollen,9
3757,congratulations,9
3758,bookmarks,9
3759,ruins,9
3760,powered,9
3761,lens,9
3762,oops,9
3763,ports,9
3764,levels,9
3765,15a421,9
3766,birthday,9
3767,betas,9
3768,completing,9
3769,leaves,9
3770,callers,9
3771,cache,9
3772,behaving,9
3773,introduced,9
3774,converting,9
3775,scratches,9
3776,unbearable,9
3777,stressed,9
3778,playin,9
3779,gestures,9
3780,authorised,9
3781,nw,9
3782,fone,9
3783,fixitjesus,9
3784,dates,9
3785,recognizes,9
3786,macpro,9
3787,unsupported,9
3788,recommendation,9
3789,importing,9
3790,nvram,9
3791,unpair,9
3792,fingerprints,9
3793,ghz,9
3794,debited,9
3795,malfunctions,9
3796,2day,9
3797,declining,9
3798,statement,9
3799,stated,9
3800,asses,9
3801,managing,9
3802,finds,9
3803,recharging,9
3804,unresolved,9
3805,flicker,9
3806,cycling,9
3807,loudspeaker,9
3808,tht,9
3809,backlight,9
3810,technician,9
3811,2010,9
3812,increase,9
3813,flow,9
3814,ctrl,9
3815,cupertino,9
3816,pulling,9
3817,resistant,9
3818,wise,8
3819,2009,8
3820,fool,8
3821,5se,8
3822,category,8
3823,formatted,8
3824,cheated,8
3825,chatting,8
3826,shouldnt,8
3827,equipment,8
3828,extend,8
3829,61,8
3830,bus,8
3831,6pm,8
3832,threw,8
3833,excessive,8
3834,worldwide,8
3835,yoo,8
3836,young,8
3837,safety,8
3838,scheme,8
3839,estimate,8
3840,58,8
3841,failures,8
3842,fixable,8
3843,15mins,8
3844,3000,8
3845,shopping,8
3846,central,8
3847,3hrs,8
3848,forreal,8
3849,fortune,8
3850,wrote,8
3851,wouldnt,8
3852,fat,8
3853,evn,8
3854,savings,8
3855,wishing,8
3856,fl,8
3857,films,8
3858,semi,8
3859,timed,8
3860,adjusted,8
3861,entries,8
3862,style,8
3863,crippled,8
3864,understood,8
3865,strongly,8
3866,bag,8
3867,unfriendly,8
3868,backs,8
3869,streak,8
3870,straw,8
3871,commands,8
3872,universal,8
3873,damned,8
3874,automation,8
3875,stocks,8
3876,unreal,8
3877,dashboard,8
3878,unsatisfied,8
3879,unusual,8
3880,updat,8
3881,deaf,8
3882,atm,8
3883,askingforafriend,8
3884,training,8
3885,star,8
3886,credentials,8
3887,banner,8
3888,sports,8
3889,barley,8
3890,bogus,8
3891,conference,8
3892,ta,8
3893,blood,8
3894,swiped,8
3895,consumes,8
3896,tryin,8
3897,swapping,8
3898,context,8
3899,continuing,8
3900,transactions,8
3901,converter,8
3902,supplemental,8
3903,convo,8
3904,cookies,8
3905,comp,8
3906,corrupt,8
3907,teach,8
3908,u2,8
3909,uber,8
3910,batterylife,8
3911,coverage,8
3912,base,8
3913,arent,8
3914,usability,8
3915,endlessly,8
3916,actin,8
3917,claiming,8
3918,warrenty,8
3919,drove,8
3920,dry,8
3921,wat,8
3922,dudes,8
3923,slot,8
3924,thankful,8
3925,thankfully,8
3926,sliding,8
3927,cking,8
3928,wayyy,8
3929,93,8
3930,92,8
3931,sketchy,8
3932,welp,8
3933,effort,8
3934,electric,8
3935,7am,8
3936,thanksapple,8
3937,wet,8
3938,en,8
3939,encountered,8
3940,accuracy,8
3941,wallpapers,8
3942,approximately,8
3943,actions,8
3944,tour,8
3945,detail,8
3946,ap,8
3947,detailed,8
3948,annoy,8
3949,among,8
3950,tick,8
3951,alternative,8
3952,touchpad,8
3953,alien,8
3954,soundcloud,8
3955,aid,8
3956,digit,8
3957,digits,8
3958,diminished,8
3959,disastrous,8
3960,discharge,8
3961,vowels,8
3962,dissapointed,8
3963,admin,8
3964,browsers,8
3965,dongle,8
3966,activities,8
3967,tighten,8
3968,zoomed,8
3969,overheated,8
3970,leg,8
3971,requesting,8
3972,inr,8
3973,persons,8
3974,highest,8
3975,precious,8
3976,hasnt,8
3977,larger,8
3978,legitimately,8
3979,modem,8
3980,pants,8
3981,reverting,8
3982,germany,8
3983,lady,8
3984,na,8
3985,res,8
3986,render,8
3987,nasty,8
3988,grow,8
3989,massively,8
3990,occured,8
3991,led,8
3992,painfully,8
3993,providers,8
3994,reconnected,8
3995,law,8
3996,phne,8
3997,heading,8
3998,glasses,8
3999,greece,8
4000,mixed,8
4001,heavily,8
4002,primary,8
4003,lazy,8
4004,pb,8
4005,recordings,8
4006,records,8
4007,reaction,8
4008,notifies,8
4009,gibberish,8
4010,learning,8
4011,prepaid,8
4012,ignores,8
4013,gm,8
4014,rose,8
4015,pitch,8
4016,ip6,8
4017,iph,8
4018,permissions,8
4019,intuitive,8
4020,malaysia,8
4021,messy,8
4022,responded,8
4023,production,8
4024,fuckery,8
4025,hp,8
4026,hotter,8
4027,lid,8
4028,outlet,8
4029,kernel,8
4030,plastic,8
4031,platform,8
4032,ios11bug,8
4033,mile,8
4034,radar,8
4035,involved,8
4036,macintosh,8
4037,fuzzy,8
4038,pod,8
4039,inform,8
4040,gaming,8
4041,lied,8
4042,resulting,8
4043,informed,8
4044,intentionally,8
4045,knowledge,8
4046,refreshing,8
4047,hoe,8
4048,graphic,8
4049,liquid,8
4050,knock,8
4051,ical,8
4052,ibook,8
4053,hollywood,8
4054,intervals,8
4055,phoned,8
4056,minimum,8
4057,homepage,8
4058,grand,8
4059,launches,8
4060,payed,7
4061,inoperable,7
4062,9th,7
4063,acces,7
4064,crackle,7
4065,accessible,7
4066,accurately,7
4067,surfing,7
4068,percentages,7
4069,controlcenter,7
4070,convert,7
4071,supporter,7
4072,rang,7
4073,warned,7
4074,sunset,7
4075,sun,7
4076,insist,7
4077,summer,7
4078,intentional,7
4079,costing,7
4080,ac,7
4081,instances,7
4082,countdown,7
4083,instal,7
4084,abysmal,7
4085,abruptly,7
4086,999,7
4087,deadline,7
4088,96,7
4089,94,7
4090,ids,7
4091,depleting,7
4092,nada,7
4093,who,7
4094,destination,7
4095,identical,7
4096,spelled,7
4097,spellcheck,7
4098,neat,7
4099,spec,7
4100,diagnose,7
4101,spare,7
4102,hw,7
4103,dice,7
4104,hurts,7
4105,sources,7
4106,differently,7
4107,difficulties,7
4108,hurting,7
4109,overseas,7
4110,difficulty,7
4111,willing,7
4112,netherlands,7
4113,dimming,7
4114,wind,7
4115,directed,7
4116,relax,7
4117,reddit,7
4118,murdered,7
4119,sr,7
4120,7th,7
4121,crossed,7
4122,pattern,7
4123,indonesia,7
4124,receives,7
4125,cus,7
4126,incident,7
4127,moon,7
4128,darker,7
4129,dat,7
4130,imsg,7
4131,stg,7
4132,importantly,7
4133,invisible,7
4134,recycle,7
4135,impacting,7
4136,dearest,7
4137,decade,7
4138,decline,7
4139,decreases,7
4140,decreasing,7
4141,stalls,7
4142,stalling,7
4143,stalled,7
4144,parental,7
4145,stack,7
4146,degree,7
4147,race,7
4148,duration,7
4149,midterm,7
4150,appleiphone,7
4151,bin,7
4152,tune,7
4153,blackberry,7
4154,pot,7
4155,bleeding,7
4156,pieces,7
4157,mbps,7
4158,pram,7
4159,triple,7
4160,meaning,7
4161,triggering,7
4162,bmw,7
4163,boarding,7
4164,bonkers,7
4165,beloved,7
4166,boo,7
4167,tray,7
4168,travelling,7
4169,prediction,7
4170,transition,7
4171,preordering,7
4172,learned,7
4173,presentation,7
4174,utility,7
4175,pretend,7
4176,bored,7
4177,bothers,7
4178,meanwhile,7
4179,tweakin,7
4180,lightening,7
4181,performs,7
4182,bangalore,7
4183,authentic,7
4184,pleasefix,7
4185,audible,7
4186,autoplay,7
4187,attitude,7
4188,united,7
4189,ay,7
4190,unimpressed,7
4191,luckily,7
4192,attachments,7
4193,unfreeze,7
4194,badcustomerservice,7
4195,bandwidth,7
4196,unauthorized,7
4197,march,7
4198,longtime,7
4199,locally,7
4200,baterry,7
4201,lmfao,7
4202,battry,7
4203,plane,7
4204,typos,7
4205,beach,7
4206,placement,7
4207,lived,7
4208,lion,7
4209,beeps,7
4210,beg,7
4211,prevents,7
4212,lawyer,7
4213,brain,7
4214,tb,7
4215,its,7
4216,tests,7
4217,clip,7
4218,providing,7
4219,italian,7
4220,co,7
4221,istore,7
4222,publicly,7
4223,merge,7
4224,punctuation,7
4225,volumes,7
4226,affects,7
4227,4013,7
4228,compare,7
4229,anti,7
4230,taps,7
4231,comparison,7
4232,advanced,7
4233,iphonexpreorder,7
4234,persisted,7
4235,con,7
4236,admit,7
4237,concert,7
4238,tablet,7
4239,que,7
4240,adapters,7
4241,console,7
4242,actively,7
4243,vision,7
4244,proud,7
4245,protection,7
4246,janky,7
4247,toss,7
4248,meee,7
4249,brothers,7
4250,animal,7
4251,bucks,7
4252,tks,7
4253,prints,7
4254,bummer,7
4255,american,7
4256,butt,7
4257,vertically,7
4258,calendars,7
4259,kit,7
4260,processed,7
4261,camp,7
4262,profiles,7
4263,capabilities,7
4264,just,7
4265,capable,7
4266,programming,7
4267,thn,7
4268,carried,7
4269,alive,7
4270,cat,7
4271,thin,7
4272,joined,7
4273,choppy,7
4274,messaged,7
4275,incorrectly,7
4276,notgood,7
4277,evernote,7
4278,reseted,7
4279,handoff,7
4280,wreck,7
4281,handful,7
4282,resolving,7
4283,erasing,7
4284,ha,7
4285,shops,7
4286,shooting,7
4287,rented,7
4288,respring,7
4289,opt,7
4290,occasions,7
4291,excel,7
4292,growing,7
4293,exiting,7
4294,exits,7
4295,expire,7
4296,handsfree,7
4297,reservations,7
4298,enabling,7
4299,sight,7
4300,repeated,7
4301,sky,7
4302,dust,7
4303,havoc,7
4304,earpod,7
4305,originally,7
4306,edition,7
4307,editor,7
4308,hated,7
4309,singapore,7
4310,effing,7
4311,electronic,7
4312,elevated,7
4313,silently,7
4314,24th,7
4315,20th,7
4316,object,7
4317,resting,7
4318,shape,7
4319,opposed,7
4320,fkn,7
4321,flawed,7
4322,1500,7
4323,rollback,7
4324,fonts,7
4325,rollout,7
4326,foolish,7
4327,for,7
4328,scammer,7
4329,scammed,7
4330,forgetting,7
4331,former,7
4332,gap,7
4333,rubber,7
4334,funds,7
4335,1080p,7
4336,sabotage,7
4337,s7,7
4338,rly,7
4339,getyourshittogether,7
4340,grid,7
4341,fitness,7
4342,shaking,7
4343,shady,7
4344,explore,7
4345,1yr,7
4346,sets,7
4347,fade,7
4348,grade,7
4349,grab,7
4350,reveal,7
4351,xmas,7
4352,reverts,7
4353,selfish,7
4354,selfie,7
4355,feet,7
4356,gimme,7
4357,yalls,7
4358,gf,7
4359,sloppy,7
4360,unsubscribe,7
4361,disrespectful,7
4362,drivers,7
4363,out,7
4364,homework,7
4365,reloads,7
4366,dontupdate,7
4367,ho,7
4368,hoops,7
4369,with,7
4370,downhill,7
4371,snow,7
4372,hlp,7
4373,hole,7
4374,rename,7
4375,1h,6
4376,fcking,6
4377,bruv,6
4378,ancient,6
4379,bueno,6
4380,tnx,6
4381,amongst,6
4382,priced,6
4383,faults,6
4384,printing,6
4385,xs,6
4386,titles,6
4387,fear,6
4388,bulk,6
4389,father,6
4390,tint,6
4391,meltdown,6
4392,xoxo,6
4393,faq,6
4394,but,6
4395,xo,6
4396,mega,6
4397,greatest,6
4398,british,6
4399,brilliant,6
4400,transcription,6
4401,filters,6
4402,gig,6
4403,filevault,6
4404,meantime,6
4405,figuring,6
4406,le,6
4407,boutta,6
4408,lcd,6
4409,prev,6
4410,doctor,6
4411,sees,6
4412,16th,6
4413,feeds,6
4414,touches,6
4415,picks,6
4416,torch,6
4417,topic,6
4418,bridge,6
4419,socket,6
4420,annoyance,6
4421,buzzing,6
4422,yah,6
4423,melted,6
4424,korea,6
4425,sep,6
4426,facetimed,6
4427,ext,6
4428,opinion,6
4429,progressively,6
4430,jpg,6
4431,journey,6
4432,ssn,6
4433,channel,6
4434,jokes,6
4435,joint,6
4436,viewed,6
4437,john,6
4438,chronological,6
4439,opportunity,6
4440,jeez,6
4441,3k,6
4442,iam,6
4443,jan,6
4444,restoration,6
4445,viruses,6
4446,clarification,6
4447,mentions,6
4448,5min,6
4449,tethered,6
4450,explained,6
4451,ownership,6
4452,5am,6
4453,caring,6
4454,label,6
4455,carefully,6
4456,apl,6
4457,operational,6
4458,amd,6
4459,tickets,6
4460,california,6
4461,falls,6
4462,processes,6
4463,king,6
4464,gpu,6
4465,camper,6
4466,thumbnails,6
4467,memes,6
4468,memo,6
4469,killin,6
4470,alternate,6
4471,faithful,6
4472,nervous,6
4473,snapchats,6
4474,fading,6
4475,programmed,6
4476,vice,6
4477,victim,6
4478,facts,6
4479,jumped,6
4480,nerve,6
4481,finishes,6
4482,solo,6
4483,regrets,6
4484,fusion,6
4485,ois,6
4486,san,6
4487,badges,6
4488,unexpected,6
4489,understatement,6
4490,attaching,6
4491,lord,6
4492,malware,6
4493,unboxed,6
4494,plzzz,6
4495,noted,6
4496,loops,6
4497,associate,6
4498,lease,6
4499,hopeless,6
4500,banners,6
4501,north,6
4502,basics,6
4503,loan,6
4504,batterie,6
4505,ohhh,6
4506,pointed,6
4507,assigned,6
4508,roughly,6
4509,1103,6
4510,5000,6
4511,plummeted,6
4512,lowest,6
4513,outrageous,6
4514,unicode,6
4515,somethings,6
4516,unresponsiveness,6
4517,rushed,6
4518,machines,6
4519,authenticate,6
4520,reloaded,6
4521,unprofessional,6
4522,unplugging,6
4523,authorization,6
4524,magsafe,6
4525,lyrics,6
4526,001,6
4527,05,6
4528,unused,6
4529,availability,6
4530,ave,6
4531,platforms,6
4532,unlimited,6
4533,unlike,6
4534,rush,6
4535,zip,6
4536,07,6
4537,luv,6
4538,fritz,6
4539,makin,6
4540,11th,6
4541,scale,6
4542,mannn,6
4543,blacks,6
4544,maxed,6
4545,genuinely,6
4546,lemme,6
4547,reloading,6
4548,fly,6
4549,applepaycash,6
4550,trips,6
4551,blown,6
4552,blur,6
4553,floor,6
4554,1400,6
4555,triggers,6
4556,yelling,6
4557,flick,6
4558,blutooth,6
4559,flaws,6
4560,tricked,6
4561,dimmer,6
4562,distorted,6
4563,oddly,6
4564,fixitplease,6
4565,appleglitch,6
4566,apologies,6
4567,occurrence,6
4568,closer,6
4569,usd,6
4570,pound,6
4571,rough,6
4572,matters,6
4573,dispute,6
4574,relaunching,6
4575,gboard,6
4576,manufacturing,6
4577,begun,6
4578,twitch,6
4579,twins,6
4580,behave,6
4581,pitched,6
4582,positive,6
4583,believed,6
4584,areas,6
4585,footage,6
4586,120,6
4587,foot,6
4588,rotated,6
4589,turtle,6
4590,geez,6
4591,beware,6
4592,mass,6
4593,disables,6
4594,bizarre,6
4595,food,6
4596,lesson,6
4597,yelp,6
4598,provides,6
4599,grip,6
4600,expedite,6
4601,sux,6
4602,deactivate,6
4603,reseller,6
4604,emptied,6
4605,embarrassed,6
4606,sum,6
4607,hdd,6
4608,rash,6
4609,20mins,6
4610,improving,6
4611,dreaded,6
4612,peeling,6
4613,copies,6
4614,rating,6
4615,sufficient,6
4616,corporate,6
4617,stickers,6
4618,raw,6
4619,insufficient,6
4620,elses,6
4621,vista,6
4622,elliptical,6
4623,dutch,6
4624,whn,6
4625,delivering,6
4626,enroll,6
4627,resolves,6
4628,acknowledge,6
4629,30mins,6
4630,smell,6
4631,reconnects,6
4632,orange,6
4633,surprise,6
4634,ease,6
4635,smdh,6
4636,controlling,6
4637,steaming,6
4638,debacle,6
4639,naw,6
4640,wlan,6
4641,30min,6
4642,notifs,6
4643,slack,6
4644,happily,6
4645,warn,6
4646,hill,6
4647,sporadic,6
4648,reactivate,6
4649,passes,6
4650,patient,6
4651,orrr,6
4652,eaten,6
4653,stoped,6
4654,indication,6
4655,stressful,6
4656,danger,6
4657,91,6
4658,mornings,6
4659,crush,6
4660,street,6
4661,echo,6
4662,rebuild,6
4663,rec,6
4664,spotty,6
4665,recents,6
4666,strava,6
4667,cycled,6
4668,inconsistent,6
4669,cumbersome,6
4670,includes,6
4671,paused,6
4672,stucks,6
4673,eh,6
4674,inaccurate,6
4675,database,6
4676,7000,6
4677,covering,6
4678,simplest,6
4679,egg,6
4680,weekly,6
4681,worrying,6
4682,crackles,6
4683,redownloaded,6
4684,wherever,6
4685,sisters,6
4686,2days,6
4687,whereas,6
4688,reappearing,6
4689,waterproof,6
4690,criminal,6
4691,reappears,6
4692,motorola,6
4693,hint,6
4694,97,6
4695,7p,6
4696,enrolled,6
4697,wrecking,6
4698,specialist,6
4699,africa,6
4700,teams,6
4701,exited,6
4702,delaying,6
4703,slooow,6
4704,groupchat,6
4705,shittt,6
4706,ironic,6
4707,slipping,6
4708,target,6
4709,dedicated,6
4710,5mins,6
4711,rectified,6
4712,ipods,6
4713,contemplating,6
4714,park,6
4715,mums,6
4716,deeply,6
4717,recovering,6
4718,detector,6
4719,commercial,6
4720,pack,6
4721,pulls,6
4722,after,6
4723,expanded,6
4724,renewed,6
4725,recurring,6
4726,3gs,6
4727,aggravated,6
4728,wondered,6
4729,degraded,6
4730,shifting,6
4731,shiny,6
4732,expand,6
4733,disliked,6
4734,temperamental,6
4735,coffee,6
4736,draft,6
4737,publish,6
4738,isp,6
4739,stairs,6
4740,3gb,6
4741,tedious,6
4742,multitask,6
4743,removal,6
4744,refurb,6
4745,confirming,6
4746,3310,6
4747,outage,6
4748,et,6
4749,removes,6
4750,configured,6
4751,consume,6
4752,erratic,6
4753,ms,6
4754,resort,6
4755,es,6
4756,switcher,6
4757,mu,6
4758,delhi,6
4759,iosproblems,6
4760,erases,6
4761,optimized,6
4762,qi,6
4763,conditions,6
4764,heeelp,6
4765,concerning,6
4766,iphonebug,6
4767,adobe,6
4768,wank,6
4769,epub,6
4770,refreshes,6
4771,responsibility,6
4772,shower,6
4773,ne,6
4774,unsuccessful,5
4775,morons,5
4776,updation,5
4777,maddening,5
4778,10gb,5
4779,2pm,5
4780,niggas,5
4781,oldest,5
4782,unsubscribed,5
4783,paragraph,5
4784,2yrs,5
4785,100gb,5
4786,73,5
4787,yosemite,5
4788,mov,5
4789,365,5
4790,10mins,5
4791,nothin,5
4792,assistivetouch,5
4793,maintenance,5
4794,350,5
4795,only,5
4796,movement,5
4797,750,5
4798,westfield,5
4799,partners,5
4800,updatefail,5
4801,aspect,5
4802,manchester,5
4803,08,5
4804,plagued,5
4805,untouched,5
4806,workin,5
4807,placing,5
4808,planet,5
4809,3am,5
4810,yest,5
4811,outdoor,5
4812,monster,5
4813,veteran,5
4814,1x,5
4815,vibrations,5
4816,men,5
4817,alphabetical,5
4818,wacky,5
4819,writes,5
4820,adjusts,5
4821,adjustment,5
4822,xbox,5
4823,wigging,5
4824,200gb,5
4825,walked,5
4826,mickey,5
4827,walks,5
4828,activates,5
4829,versa,5
4830,migrate,5
4831,amounts,5
4832,waaay,5
4833,packed,5
4834,xxx,5
4835,nerds,5
4836,menus,5
4837,agreement,5
4838,ahh,5
4839,philippines,5
4840,vodafone,5
4841,agents,5
4842,ai,5
4843,mercy,5
4844,mentioning,5
4845,wrk,5
4846,void,5
4847,alerting,5
4848,3pm,5
4849,alias,5
4850,phonecalls,5
4851,2003,5
4852,persisting,5
4853,allergic,5
4854,anger,5
4855,2018,5
4856,2mins,5
4857,applying,5
4858,oem,5
4859,appleindia,5
4860,yeh,5
4861,woman,5
4862,nut,5
4863,9pm,5
4864,mob,5
4865,applicable,5
4866,mofo,5
4867,27th,5
4868,noting,5
4869,onwards,5
4870,massage,5
4871,overit,5
4872,8gb,5
4873,archived,5
4874,audiobook,5
4875,webpages,5
4876,pays,5
4877,woken,5
4878,announcement,5
4879,v10,5
4880,60gb,5
4881,naturally,5
4882,warmer,5
4883,valley,5
4884,annoyingly,5
4885,18th,5
4886,vain,5
4887,vacation,5
4888,occuring,5
4889,o2,5
4890,minus,5
4891,3times,5
4892,misery,5
4893,wishlist,5
4894,operates,5
4895,ye,5
4896,mistakenly,5
4897,whichever,5
4898,71,5
4899,russia,5
4900,unsecured,5
4901,regard,5
4902,hotel,5
4903,hotmail,5
4904,dings,5
4905,rejecting,5
4906,how,5
4907,hundred,5
4908,spacebar,5
4909,i6,5
4910,dialed,5
4911,reopening,5
4912,spazz,5
4913,developing,5
4914,develop,5
4915,icare,5
4916,ice,5
4917,determine,5
4918,deteriorating,5
4919,refreshed,5
4920,relay,5
4921,discharging,5
4922,host,5
4923,somewhat,5
4924,dual,5
4925,drinking,5
4926,smaller,5
4927,hm,5
4928,smd,5
4929,smells,5
4930,dowloaded,5
4931,reminded,5
4932,homies,5
4933,remained,5
4934,dming,5
4935,ditch,5
4936,disturbed,5
4937,dispatch,5
4938,dismiss,5
4939,somethin,5
4940,hoped,5
4941,desperately,5
4942,spilled,5
4943,spin,5
4944,stat,5
4945,immensely,5
4946,declines,5
4947,impacted,5
4948,steady,5
4949,daylight,5
4950,imusic,5
4951,dated,5
4952,ina,5
4953,recieved,5
4954,inactive,5
4955,incapable,5
4956,stopwatch,5
4957,cure,5
4958,strategy,5
4959,increases,5
4960,crushed,5
4961,indicates,5
4962,imap,5
4963,starters,5
4964,reflective,5
4965,il,5
4966,identified,5
4967,desired,5
4968,identify,5
4969,describe,5
4970,dept,5
4971,identity,5
4972,depends,5
4973,depending,5
4974,spots,5
4975,spring,5
4976,if,5
4977,recycling,5
4978,defects,5
4979,staingate,5
4980,stall,5
4981,defaulting,5
4982,recreate,5
4983,reopened,5
4984,helpme,5
4985,rearrange,5
4986,fifth,5
4987,robot,5
4988,scrolls,5
4989,gesture,5
4990,sealed,5
4991,seamlessly,5
4992,ripped,5
4993,gg,5
4994,filed,5
4995,fees,5
4996,dumbest,5
4997,rich,5
4998,february,5
4999,feb,5
5000,fcp,5
5001,sender,5
5002,favourite,5
5003,gmt,5
5004,fashion,5
5005,flips,5
5006,screaming,5
5007,rooms,5
5008,scary,5
5009,sabotaging,5
5010,friggin,5
5011,frickin,5
5012,frequency,5
5013,freezed,5
5014,from,5
5015,fu,5
5016,salty,5
5017,frames,5
5018,sarcasm,5
5019,forwarded,5
5020,gah,5
5021,garden,5
5022,formatting,5
5023,sayin,5
5024,forgets,5
5025,rotates,5
5026,reverted,5
5027,fanboy,5
5028,goodbye,5
5029,harddrive,5
5030,harm,5
5031,harry,5
5032,singles,5
5033,efficiency,5
5034,edited,5
5035,ebay,5
5036,sits,5
5037,havin,5
5038,situations,5
5039,havnt,5
5040,hazard,5
5041,omggg,5
5042,healthy,5
5043,repeats,5
5044,slideshow,5
5045,heic,5
5046,hellooo,5
5047,silver,5
5048,happing,5
5049,famous,5
5050,emailing,5
5051,grainy,5
5052,resulted,5
5053,greater,5
5054,restriction,5
5055,shameful,5
5056,existed,5
5057,exaggerating,5
5058,respringing,5
5059,shockingly,5
5060,gutted,5
5061,eu,5
5062,hacking,5
5063,epicfail,5
5064,handled,5
5065,shutdowns,5
5066,enlighten,5
5067,reschedule,5
5068,indoor,5
5069,cross,5
5070,unsaved,5
5071,bootable,5
5072,breath,5
5073,breakfast,5
5074,breakdown,5
5075,breach,5
5076,branch,5
5077,boyfriend,5
5078,borderline,5
5079,leading,5
5080,bookmark,5
5081,canceling,5
5082,booking,5
5083,bolt,5
5084,boards,5
5085,prank,5
5086,trolling,5
5087,blinks,5
5088,pr,5
5089,leopard,5
5090,tops,5
5091,previews,5
5092,tools,5
5093,brief,5
5094,ths,5
5095,produce,5
5096,thumbnail,5
5097,ticked,5
5098,proceed,5
5099,lacks,5
5100,timeout,5
5101,land,5
5102,ting,5
5103,las,5
5104,lastnight,5
5105,buffer,5
5106,buds,5
5107,buddy,5
5108,prices,5
5109,latency,5
5110,brighter,5
5111,bleeping,5
5112,truncated,5
5113,blaming,5
5114,unclear,5
5115,baked,5
5116,pluses,5
5117,loudly,5
5118,lousy,5
5119,awkward,5
5120,plot,5
5121,university,5
5122,awfully,5
5123,pleases,5
5124,avoiding,5
5125,av,5
5126,unnecessarily,5
5127,unopened,5
5128,pleasefixit,5
5129,authorize,5
5130,macbooks,5
5131,unrelated,5
5132,underneath,5
5133,banks,5
5134,tryed,5
5135,batery,5
5136,biz,5
5137,bitches,5
5138,lg,5
5139,betrayed,5
5140,lift,5
5141,belkin,5
5142,twenty,5
5143,tx,5
5144,popups,5
5145,poppin,5
5146,pool,5
5147,livid,5
5148,bcz,5
5149,lmaooo,5
5150,bcuz,5
5151,ughh,5
5152,bcoz,5
5153,thrown,5
5154,kb,5
5155,cropping,5
5156,quotes,5
5157,internally,5
5158,interrupted,5
5159,interval,5
5160,intro,5
5161,raised,5
5162,rain,5
5163,invested,5
5164,suspect,5
5165,quoted,5
5166,capitalising,5
5167,invite,5
5168,swimming,5
5169,ion,5
5170,ios112,5
5171,consideration,5
5172,ios11bugs,5
5173,sydney,5
5174,confusion,5
5175,convos,5
5176,suite,5
5177,suitable,5
5178,rated,5
5179,critical,5
5180,students,5
5181,crisis,5
5182,infected,5
5183,stupidest,5
5184,stupidly,5
5185,creates,5
5186,subject,5
5187,inserting,5
5188,insisting,5
5189,instability,5
5190,subway,5
5191,covent,5
5192,counts,5
5193,sucky,5
5194,razr,5
5195,insulting,5
5196,synch,5
5197,ip8,5
5198,qtna,5
5199,tends,5
5200,tester,5
5201,s3,5
5202,clears,5
5203,itunesconnect,5
5204,clarity,5
5205,iup,5
5206,prove,5
5207,cked,5
5208,jerky,5
5209,chile,5
5210,theme,5
5211,chances,5
5212,jumbled,5
5213,carrying,5
5214,cares,5
5215,capsule,5
5216,programmers,5
5217,proximity,5
5218,tend,5
5219,confidence,5
5220,psa,5
5221,tactics,5
5222,iphn,5
5223,concept,5
5224,iphoneissues,5
5225,complication,5
5226,compass,5
5227,iron,5
5228,community,5
5229,irony,5
5230,irrelevant,5
5231,committed,5
5232,techs,5
5233,combination,5
5234,colleagues,5
5235,temperatures,5
5236,temps,5
5237,tempted,5
5238,testers,5
